"DepartmentId","DepartmentFName","DepartmentSName","Description","RecordStatus"
"1","Default","Default","","1"
"2","HR","HR","","1"
"3","Department","Department","","1"
"4","Management","Management","","1"
"5","QA","QA","","1"
"6","Web","Web","","1"
"7","Android","Android","","1"
"8","iOS","iOS","","1"
"9","Office admin","Office admin","","1"
"10","System admin","System admin","","1"
"11","Design","Design","","1"
"12","Finance","Finance","","1"
"13","Recruitment","Recruitment","","1"
"14","Sales","Sales","","1"
"15","Lead","Lead","","1"
"16","Marketing","Marketing","","1"
"17","Internship","Intern","123","1"
