"DeviceId","DeviceFName","DeviceSName","DeviceDirection","SerialNumber","ConnectionType","IpAddress","BaudRate","ComPort","LastLogDownloadDate","CommKey","TransactionStamp","LastPing","DeviceType","OpStamp","DownLoadType","Timezone","DeviceLocation","TimeOut","IsRealTime","TransTimes","TransInterval","DeviceVendor","DeviceInfo","TransFlag","MasterDeviceId","CompanyId","DownloadedLogCount"
"1","Leave Device","Leave Device","In Device","12345678","Tcp\\IP","192.168.1.1","","","2013-05-17 13:44:25","","0","","Attendance","","","","","","0","","","Identix","","","0.0","0.0","0.0"
"2","Special Off Device","Special Off Device","In Device","12345678","Tcp\\IP","192.168.1.1","","","2013-05-17 13:44:25","","0","","Attendance","","","","","","0","","","Identix","","","0.0","0.0","0.0"
"3","Absent Device","Absent Device","","","","''","''","''","2013-05-17 13:44:25","","0","","Attendance","","","","","","0","","","Identix","","","0.0","0.0","0.0"
"4","System Entry","SE","","","","''","''","''","2013-05-17 13:44:25","","0","","Attendance","","","","","","0","","","Identix","","","0.0","0.0","0.0"
"5","Manual Entry(Attendance)","ME(Attendance)","inout","","Tcp/IP","","","","2013-05-17 13:44:25","0","0","1900-01-01 00:00:00","Attendance","","1.0","330","","300","0","","","Identix","","","0.0","0.0","0.0"
"6","THIRD FLOOR RIGHT","THIRD RIGHT","Alternate In\\Out Device","1","Tcp\\IP","192.168.2.51","","","2017-11-06 15:57:10","","0","","Attendance","","","","BANGALORE","","0","","","eSSL","","","","0.0","21947.0"
"7","THIRD FLOOR LEFT","THIRD LEFT","Alternate In\\Out Device","2","Tcp\\IP","192.168.2.52","","","2017-11-06 16:03:31","","0","","Attendance","","","","BANGALORE","","0","","","eSSL","","","","0.0","20882.0"
