"EmployeeId","EmployeeName","EmployeeCode","StringCode","NumericCode","Gender","CompanyId","DepartmentId","Designation","CategoryId","DOJ","DOR","DOC","EmployeeCodeInDevice","EmployeeRFIDNumber","EmployementType","Status","EmployeeDevicePassword","EmployeeDeviceGroup","FatherName","MotherName","ResidentialAddress","PermanentAddress","ContactNo","Email","DOB","PlaceOfBirth","Nomenee1","Nomenee2","Remarks","RecordStatus","C1","C2","C3","C4","C5","C6","C7","Location","BloodGroup","WorkPlace","ExtensionNo","LoginName","LoginPassword","Grade","Team","IsRecieveNotification","HolidayGroup","ShiftGroupId","LastModifiedBy","ShiftRotationMasterId","ReportTo","ShiftType","OfficialPhone","OfficialMobile","PersonaleMailID","UIDNo","PANNo","VoterIdNo","EffectiveFrom","ShiftPatternAssignedOn","MultiShiftGroupId","AndroidDeviceIMEINo","IsMarkAndroidWebAttendance","PushNotificationId","IsSendApproveDeclineSMS","IsSendPushNotification","EmployeeAddedFromService","BankAccountNumber","ModeOfPayment","ESINo","ESIDispensary","PFNo","SalaryStructureId"
"2","MURALI MOHANA","Del_137","","137","M","2","2","SR MANAGER","1","1900-01-01 00:00:00","3000-01-01 00:00:00","1900-01-01 00:00:00","Del_137","","","Working","","1","","","","","","","1900-01-01 00:00:00","","","","","0","","","","","","","","BANGALORE","","","","","","","","1","0.0","","","0","0","Single Shift in a Day","","","","","","","","","","","","","","","","","","","","",""
"3","EmployeeName","EployeeCode","EployeeCode","0","Gender","3","3","Designation","2","1900-01-01 00:00:00","3000-01-01 00:00:00","1900-01-01 00:00:00","DeviceCode","","EmploymentType","Status","","1","EmployeeName","DeviceCode","Company","Department","Location","Designation","1900-01-01 00:00:00","Team","Category","EmploymentType","Gender","1","","","","","","","","Location","DOJ","","","LoginName","eVo3SLgs2ehC3QSgbEEBYA==","Grade","Team","1","0.0","","","0","0","Single Shift in a Day","","","","UIDNo","PANNo","VoterIdNo","","","","","","","","","","","","","","",""
"4","DAMODAR P","Del_11001","","11001","M","4","4","CEO","1","2011-02-14 00:00:00","3000-01-01 00:00:00","1900-01-01 00:00:00","Del_","","","Working","","1","DAMODAR P","","Mobinius Technologies Pvt Ltd","Management","Bangalore","CEO","1900-01-01 00:00:00","","","","M","0","","","","","","","","Bangalore","14-02-2011","","","","","","","1","0.0","","","0","0","Single Shift in a Day","","","","","","","","","","","","","","","","","","","","",""
"5","LOKESHA M","Del_11002","","11002","M","4","4","COO","1","2011-02-14 00:00:00","3000-01-01 00:00:00","1900-01-01 00:00:00","Del_","","","Working","","1","LOKESHA M","","Mobinius Technologies Pvt Ltd","Management","Bangalore","COO","1900-01-01 00:00:00","","","","M","0","","","","","","","","Bangalore","14-02-2011","","","","","","","1","0.0","","","0","0","Single Shift in a Day","","","","","","","","","","","","","","","","","","","","",""
"6","KIRAN G K","Del_12009","","12009","M","4","5","SSE","1","2012-06-25 00:00:00","3000-01-01 00:00:00","1900-01-01 00:00:00","Del_","","","Working","","1","KIRAN G K","","Mobinius Technologies Pvt Ltd","QA","Bangalore","SSE","1900-01-01 00:00:00","","","","M","0","","","","","","","","Bangalore","25-06-2012","","","","","","","1","0.0","","","0","0","Single Shift in a Day","","","","","","","","","","","","","","","","","","","","",""
"7","SHRISHA BAYARI","Del_13020","","13020","M","4","6","SSE","1","2013-02-04 00:00:00","3000-01-01 00:00:00","1900-01-01 00:00:00","Del_","","","Working","","1","SHRISHA BAYARI","","Mobinius Technologies Pvt Ltd","Web","Bangalore","SSE","1900-01-01 00:00:00","","","","M","0","","","","","","","","Bangalore","04-02-2013","","","","","","","1","0.0","","","0","0","Single Shift in a Day","","","","","","","","","","","","","","","","","","","","",""
"8","KAVYA A H","Del_13024","","13024","F","4","2","HR Executive","1","2013-06-17 00:00:00","3000-01-01 00:00:00","1900-01-01 00:00:00","Del_","","","Working","","1","KAVYA A H","","Mobinius Technologies Pvt Ltd","HR","Bangalore","HR Executive","1900-01-01 00:00:00","","","","F","0","","","","","","","","Bangalore","17-06-2013","","","","","","","1","0.0","","","0","0","Single Shift in a Day","","","","","","","","","","","","","","","","","","","","",""
"9","P PRASANNA KUMAR","Del_13025","","13025","M","4","7","SSE","1","2013-07-25 00:00:00","3000-01-01 00:00:00","1900-01-01 00:00:00","Del_","","","Working","","1","P PRASANNA KUMAR","","Mobinius Technologies Pvt Ltd","Android","Bangalore","SSE","1900-01-01 00:00:00","","","","M","0","","","","","","","","Bangalore","25-07-2013","","","","","","","1","0.0","","","0","0","Single Shift in a Day","","","","","","","","","","","","","","","","","","","","",""
"10","SHARATH KUMAR T P","Del_13027","","13027","M","4","4","VP NEW BUSINESS","1","2013-09-01 00:00:00","3000-01-01 00:00:00","1900-01-01 00:00:00","Del_","","","Working","","1","SHARATH KUMAR T P","","Mobinius Technologies Pvt Ltd","Management","Bangalore","VP NEW BUSINESS","1900-01-01 00:00:00","","","","M","0","","","","","","","","Bangalore","01-09-2013","","","","","","","1","0.0","","","0","0","Single Shift in a Day","","","","","","","","","","","","","","","","","","","","",""
"11","ABHISHEK KUMAR","Del_13032","","13032","M","4","7","SSE","1","2013-10-01 00:00:00","3000-01-01 00:00:00","1900-01-01 00:00:00","Del_","","","Working","","1","ABHISHEK KUMAR","","Mobinius Technologies Pvt Ltd","Android","Bangalore","SSE","1900-01-01 00:00:00","","","","M","0","","","","","","","","Bangalore","01-10-2013","","","","","","","1","0.0","","","0","0","Single Shift in a Day","","","","","","","","","","","","","","","","","","","","",""
"12","PABITRA RANJAN SAHU","Del_13034","","13034","M","4","8","Team Lead","1","2013-10-10 00:00:00","3000-01-01 00:00:00","1900-01-01 00:00:00","Del_","","","Working","","1","PABITRA RANJAN SAHU","","Mobinius Technologies Pvt Ltd","iOS","Bangalore","Team Lead","1900-01-01 00:00:00","","","","M","0","","","","","","","","Bangalore","10-10-2013","","","","","","","1","0.0","","","0","0","Single Shift in a Day","","","","","","","","","","","","","","","","","","","","",""
"13","SANDEEP M P","Del_13036","","13036","M","4","6","SSE","1","2013-11-06 00:00:00","3000-01-01 00:00:00","1900-01-01 00:00:00","Del_","","","Working","","1","SANDEEP M P","","Mobinius Technologies Pvt Ltd","Web","Bangalore","SSE","1900-01-01 00:00:00","","","","M","0","","","","","","","","Bangalore","06-11-2013","","","","","","","1","0.0","","","0","0","Single Shift in a Day","","","","","","","","","","","","","","","","","","","","",""
"14","YOUSUFF KHAN","Del_14050","","14050","M","4","6","Software Engineer","1","2014-06-09 00:00:00","3000-01-01 00:00:00","1900-01-01 00:00:00","Del_","","","Working","","1","YOUSUFF KHAN","","Mobinius Technologies Pvt Ltd","Web","Bangalore","Software Engineer","1900-01-01 00:00:00","","","","M","0","","","","","","","","Bangalore","09-06-2014","","","","","","","1","0.0","","","0","0","Single Shift in a Day","","","","","","","","","","","","","","","","","","","","",""
"15","PREMRAJ","Del_14053","","14053","M","4","7","Software Engineer","1","2014-09-01 00:00:00","3000-01-01 00:00:00","1900-01-01 00:00:00","Del_","","","Working","","1","PREMRAJ","","Mobinius Technologies Pvt Ltd","Android","Bangalore","Software Engineer","1900-01-01 00:00:00","","","","M","0","","","","","","","","Bangalore","01-09-2014","","","","","","","1","0.0","","","0","0","Single Shift in a Day","","","","","","","","","","","","","","","","","","","","",""
"16","TRUPTI S","Del_14056","","14056","F","4","7","Software Engineer","1","2014-09-08 00:00:00","3000-01-01 00:00:00","1900-01-01 00:00:00","Del_","","","Working","","1","TRUPTI S","","Mobinius Technologies Pvt Ltd","Android","Bangalore","Software Engineer","1900-01-01 00:00:00","","","","F","0","","","","","","","","Bangalore","08-09-2014","","","","","","","1","0.0","","","0","0","Single Shift in a Day","","","","","","","","","","","","","","","","","","","","",""
"17","ZEBA KHATIB","Del_14057","","14057","F","4","6","SSE","1","2014-09-22 00:00:00","3000-01-01 00:00:00","1900-01-01 00:00:00","Del_","","","Working","","1","ZEBA KHATIB","","Mobinius Technologies Pvt Ltd","Web","Bangalore","SSE","1900-01-01 00:00:00","","","","F","0","","","","","","","","Bangalore","22-09-2014","","","","","","","1","0.0","","","0","0","Single Shift in a Day","","","","","","","","","","","","","","","","","","","","",""
"18","KIRAN M","Del_14062","","14062","M","4","9","Office Boy","1","2014-10-06 00:00:00","3000-01-01 00:00:00","1900-01-01 00:00:00","Del_","","","Working","","1","KIRAN M","","Mobinius Technologies Pvt Ltd","Office admin","Bangalore","Office Boy","1900-01-01 00:00:00","","","","M","0","","","","","","","","Bangalore","06-10-2014","","","","","","","1","0.0","","","0","0","Single Shift in a Day","","","","","","","","","","","","","","","","","","","","",""
"19","BRAJESH KUMAR","Del_14063","","14063","M","4","10","System Admin","1","2014-10-28 00:00:00","3000-01-01 00:00:00","1900-01-01 00:00:00","Del_","","","Working","","1","BRAJESH KUMAR","","Mobinius Technologies Pvt Ltd","System admin","Bangalore","System Admin","1900-01-01 00:00:00","","","","M","0","","","","","","","","Bangalore","28-10-2014","","","","","","","1","0.0","","","0","0","Single Shift in a Day","","","","","","","","","","","","","","","","","","","","",""
"20","BARNALI BHOWMIK","Del_14067","","14067","F","4","7","Software Engineer","1","2014-12-09 00:00:00","3000-01-01 00:00:00","1900-01-01 00:00:00","Del_","","","Working","","1","BARNALI BHOWMIK","","Mobinius Technologies Pvt Ltd","Android","Bangalore","Software Engineer","1900-01-01 00:00:00","","","","F","0","","","","","","","","Bangalore","09-12-2014","","","","","","","1","0.0","","","0","0","Single Shift in a Day","","","","","","","","","","","","","","","","","","","","",""
"21","MUKESH KUMAR MISHRA","Del_14069","","14069","M","4","6","Software Engineer","1","2014-12-16 00:00:00","3000-01-01 00:00:00","1900-01-01 00:00:00","Del_","","","Working","","1","MUKESH KUMAR MISHRA","","Mobinius Technologies Pvt Ltd","Web","Bangalore","Software Engineer","1900-01-01 00:00:00","","","","M","0","","","","","","","","Bangalore","16-12-2014","","","","","","","1","0.0","","","0","0","Single Shift in a Day","","","","","","","","","","","","","","","","","","","","",""
"22","MANJULA A","Del_15071","","15071","F","4","2","HR Manager","1","2015-02-23 00:00:00","3000-01-01 00:00:00","1900-01-01 00:00:00","Del_","","","Working","","1","MANJULA A","","Mobinius Technologies Pvt Ltd","HR","Bangalore","HR Manager","1900-01-01 00:00:00","","","","F","0","","","","","","","","Bangalore","23-02-2015","","","","","","","1","0.0","","","0","0","Single Shift in a Day","","","","","","","","","","","","","","","","","","","","",""
"23","SANJAY KUMAR S","Del_15072","","15072","M","4","11","Graphic Designer","1","2015-03-02 00:00:00","3000-01-01 00:00:00","1900-01-01 00:00:00","Del_","","","Working","","1","SANJAY KUMAR S","","Mobinius Technologies Pvt Ltd","Design","Bangalore","Graphic Designer","1900-01-01 00:00:00","","","","M","0","","","","","","","","Bangalore","02-03-2015","","","","","","","1","0.0","","","0","0","Single Shift in a Day","","","","","","","","","","","","","","","","","","","","",""
"24","JAGADISH A J","Del_15073","","15073","M","4","6","Software Engineer","1","2015-03-04 00:00:00","3000-01-01 00:00:00","1900-01-01 00:00:00","Del_","","","Working","","1","JAGADISH A J","","Mobinius Technologies Pvt Ltd","Web","Bangalore","Software Engineer","1900-01-01 00:00:00","","","","M","0","","","","","","","","Bangalore","04-03-2015","","","","","","","1","0.0","","","0","0","Single Shift in a Day","","","","","","","","","","","","","","","","","","","","",""
"25","DEEPAK HARIBHAV CHAPLE","Del_15074","","15074","M","4","7","SSE","1","2015-03-23 00:00:00","3000-01-01 00:00:00","1900-01-01 00:00:00","Del_","","","Working","","1","DEEPAK HARIBHAV CHAPLE","","Mobinius Technologies Pvt Ltd","Android","Bangalore","SSE","1900-01-01 00:00:00","","","","M","0","","","","","","","","Bangalore","23-03-2015","","","","","","","1","0.0","","","0","0","Single Shift in a Day","","","","","","","","","","","","","","","","","","","","",""
"26","KESAVAN R","Del_15077","","15077","M","4","6","Software Engineer","1","2015-04-01 00:00:00","3000-01-01 00:00:00","1900-01-01 00:00:00","Del_","","","Working","","1","KESAVAN R","","Mobinius Technologies Pvt Ltd","Web","Bangalore","Software Engineer","1900-01-01 00:00:00","","","","M","0","","","","","","","","Bangalore","01-04-2015","","","","","","","1","0.0","","","0","0","Single Shift in a Day","","","","","","","","","","","","","","","","","","","","",""
"27","SANTHOSH PAVALKODY","Del_15079","","15079","M","4","6","Software Engineer","1","2015-04-07 00:00:00","3000-01-01 00:00:00","1900-01-01 00:00:00","Del_","","","Working","","1","SANTHOSH PAVALKODY","","Mobinius Technologies Pvt Ltd","Web","Bangalore","Software Engineer","1900-01-01 00:00:00","","","","M","0","","","","","","","","Bangalore","07-04-2015","","","","","","","1","0.0","","","0","0","Single Shift in a Day","","","","","","","","","","","","","","","","","","","","",""
"28","RAJESH KASULA","Del_15081","","15081","M","4","8","Software Engineer","1","2015-04-13 00:00:00","3000-01-01 00:00:00","1900-01-01 00:00:00","Del_","","","Working","","1","RAJESH KASULA","","Mobinius Technologies Pvt Ltd","iOS","Bangalore","Software Engineer","1900-01-01 00:00:00","","","","M","0","","","","","","","","Bangalore","13-04-2015","","","","","","","1","0.0","","","0","0","Single Shift in a Day","","","","","","","","","","","","","","","","","","","","",""
"29","BHARGAV R K","Del_15083","","15083","M","4","5","Testing Engineer","1","2015-04-20 00:00:00","3000-01-01 00:00:00","1900-01-01 00:00:00","Del_","","","Working","","1","BHARGAV R K","","Mobinius Technologies Pvt Ltd","QA","Bangalore","Testing Engineer","1900-01-01 00:00:00","","","","M","0","","","","","","","","Bangalore","20-04-2015","","","","","","","1","0.0","","","0","0","Single Shift in a Day","","","","","","","","","","","","","","","","","","","","",""
"30","POONAM M SAYYAD","Del_15084","","15084","F","4","5","Testing Engineer","1","2015-04-20 00:00:00","3000-01-01 00:00:00","1900-01-01 00:00:00","Del_","","","Working","","1","POONAM M SAYYAD","","Mobinius Technologies Pvt Ltd","QA","Bangalore","Testing Engineer","1900-01-01 00:00:00","","","","F","0","","","","","","","","Bangalore","20-04-2015","","","","","","","1","0.0","","","0","0","Single Shift in a Day","","","","","","","","","","","","","","","","","","","","",""
"31","JESUDAS FERNANDES","Del_15085","","15085","M","4","4","VP Global Delivery","1","2015-04-27 00:00:00","3000-01-01 00:00:00","1900-01-01 00:00:00","Del_","","","Working","","1","JESUDAS FERNANDES","","Mobinius Technologies Pvt Ltd","Management","Bangalore","VP Global Delivery","1900-01-01 00:00:00","","","","M","0","","","","","","","","Bangalore","27-04-2015","","","","","","","1","0.0","","","0","0","Single Shift in a Day","","","","","","","","","","","","","","","","","","","","",""
"32","BISWAJEET ROUT","Del_15086","","15086","M","4","11","Graphics Designer","1","2015-05-21 00:00:00","3000-01-01 00:00:00","1900-01-01 00:00:00","Del_","","","Working","","1","BISWAJEET ROUT","","Mobinius Technologies Pvt Ltd","Design","Bangalore","Graphics Designer","1900-01-01 00:00:00","","","","M","0","","","","","","","","Bangalore","21-05-2015","","","","","","","1","0.0","","","0","0","Single Shift in a Day","","","","","","","","","","","","","","","","","","","","",""
"33","MANJUNATH P C","Del_15087","","15087","M","4","11","Sr GD","1","2015-05-26 00:00:00","3000-01-01 00:00:00","1900-01-01 00:00:00","Del_","","","Working","","1","MANJUNATH P C","","Mobinius Technologies Pvt Ltd","Design","Bangalore","Sr GD","1900-01-01 00:00:00","","","","M","0","","","","","","","","Bangalore","26-05-2015","","","","","","","1","0.0","","","0","0","Single Shift in a Day","","","","","","","","","","","","","","","","","","","","",""
"34","GANESH G SHANBHAG","Del_15091","","15091","M","4","5","Test Lead","1","2015-06-22 00:00:00","3000-01-01 00:00:00","1900-01-01 00:00:00","Del_","","","Working","","1","GANESH G SHANBHAG","","Mobinius Technologies Pvt Ltd","QA","Bangalore","Test Lead","1900-01-01 00:00:00","","","","M","0","","","","","","","","Bangalore","22-06-2015","","","","","","","1","0.0","","","0","0","Single Shift in a Day","","","","","","","","","","","","","","","","","","","","",""
"35","ANEESH D N","Del_15096","","15096","M","4","6","Tech Lead","1","2015-08-31 00:00:00","3000-01-01 00:00:00","1900-01-01 00:00:00","Del_","","","Working","","1","ANEESH D N","","Mobinius Technologies Pvt Ltd","Web","Bangalore","Tech Lead","1900-01-01 00:00:00","","","","M","0","","","","","","","","Bangalore","31-08-2015","","","","","","","1","0.0","","","0","0","Single Shift in a Day","","","","","","","","","","","","","","","","","","","","",""
"36","ADITHYA KESARLA","Del_15099","","15099","M","4","8","Software Engineer","1","2015-09-07 00:00:00","3000-01-01 00:00:00","1900-01-01 00:00:00","Del_","","","Working","","1","ADITHYA KESARLA","","Mobinius Technologies Pvt Ltd","iOS","Bangalore","Software Engineer","1900-01-01 00:00:00","","","","M","0","","","","","","","","Bangalore","07-09-2015","","","","","","","1","0.0","","","0","0","Single Shift in a Day","","","","","","","","","","","","","","","","","","","","",""
"37","VINIT DESAI","Del_15101","","15101","F","4","6","Software Engineer","1","2015-09-21 00:00:00","3000-01-01 00:00:00","1900-01-01 00:00:00","Del_","","","Working","","1","VINIT DESAI","","Mobinius Technologies Pvt Ltd","Web","Bangalore","Software Engineer","1900-01-01 00:00:00","","","","F","0","","","","","","","","Bangalore","21-09-2015","","","","","","","1","0.0","","","0","0","Single Shift in a Day","","","","","","","","","","","","","","","","","","","","",""
"38","NAGESH M CHANDAN","Del_15103","","15103","M","4","8","SSE","1","2015-10-05 00:00:00","3000-01-01 00:00:00","1900-01-01 00:00:00","Del_","","","Working","","1","NAGESH M CHANDAN","","Mobinius Technologies Pvt Ltd","iOS","Bangalore","SSE","1900-01-01 00:00:00","","","","M","0","","","","","","","","Bangalore","05-10-2015","","","","","","","1","0.0","","","0","0","Single Shift in a Day","","","","","","","","","","","","","","","","","","","","",""
"39","HARSHA JAGADISH","Del_15104","","15104","M","4","6","Tech Lead","1","2015-10-14 00:00:00","3000-01-01 00:00:00","1900-01-01 00:00:00","Del_","","","Working","","1","HARSHA JAGADISH","","Mobinius Technologies Pvt Ltd","Web","Bangalore","Tech Lead","1900-01-01 00:00:00","","","","M","0","","","","","","","","Bangalore","14-10-2015","","","","","","","1","0.0","","","0","0","Single Shift in a Day","","","","","","","","","","","","","","","","","","","","",""
"40","MUZAEED","Del_15105","","15105","M","4","6","Software Engineer","1","2015-11-23 00:00:00","3000-01-01 00:00:00","1900-01-01 00:00:00","Del_","","","Working","","1","MUZAEED","","Mobinius Technologies Pvt Ltd","Web","Bangalore","Software Engineer","1900-01-01 00:00:00","","","","M","0","","","","","","","","Bangalore","23-11-2015","","","","","","","1","0.0","","","0","0","Single Shift in a Day","","","","","","","","","","","","","","","","","","","","",""
"41","KAPA BRAHMANAIDU","Del_15107","","15107","M","4","8","Tech Lead","1","2015-12-07 00:00:00","3000-01-01 00:00:00","1900-01-01 00:00:00","Del_","","","Working","","1","KAPA BRAHMANAIDU","","Mobinius Technologies Pvt Ltd","iOS","Bangalore","Tech Lead","1900-01-01 00:00:00","","","","M","0","","","","","","","","Bangalore","07-12-2015","","","","","","","1","0.0","","","0","0","Single Shift in a Day","","","","","","","","","","","","","","","","","","","","",""
"42","SUSHMITHA B","Del_16109","","16109","F","4","2","Recruiter","1","2016-01-04 00:00:00","3000-01-01 00:00:00","1900-01-01 00:00:00","Del_","","","Working","","1","SUSHMITHA B","","Mobinius Technologies Pvt Ltd","HR","Bangalore","Recruiter","1900-01-01 00:00:00","","","","F","0","","","","","","","","Bangalore","04-01-2016","","","","","","","1","0.0","","","0","0","Single Shift in a Day","","","","","","","","","","","","","","","","","","","","",""
"43","ROBIN MANDANGADA","Del_16110","","16110","M","4","6","Project Manager","1","2016-01-25 00:00:00","3000-01-01 00:00:00","1900-01-01 00:00:00","Del_","","","Working","","1","ROBIN MANDANGADA","","Mobinius Technologies Pvt Ltd","Web","Bangalore","Project Manager","1900-01-01 00:00:00","","","","M","0","","","","","","","","Bangalore","25-01-2016","","","","","","","1","0.0","","","0","0","Single Shift in a Day","","","","","","","","","","","","","","","","","","","","",""
"44","BHAGAVATHI KIRAN P","Del_16114","","16114","M","4","12","Acc Executive","1","2016-02-08 00:00:00","3000-01-01 00:00:00","1900-01-01 00:00:00","Del_","","","Working","","1","BHAGAVATHI KIRAN P","","Mobinius Technologies Pvt Ltd","Finance","Bangalore","Acc Executive","1900-01-01 00:00:00","","","","M","0","","","","","","","","Bangalore","08-02-2016","","","","","","","1","0.0","","","0","0","Single Shift in a Day","","","","","","","","","","","","","","","","","","","","",""
"45","SHASHIDHAR K V","Del_16115","","16115","M","4","6","Software Engineer","1","2016-02-17 00:00:00","3000-01-01 00:00:00","1900-01-01 00:00:00","Del_","","","Working","","1","SHASHIDHAR K V","","Mobinius Technologies Pvt Ltd","Web","Bangalore","Software Engineer","1900-01-01 00:00:00","","","","M","0","","","","","","","","Bangalore","17-02-2016","","","","","","","1","0.0","","","0","0","Single Shift in a Day","","","","","","","","","","","","","","","","","","","","",""
"46","VAMSHI KRISHAN GP","Del_16116","","16116","M","4","10","Syst Admin","1","2016-02-18 00:00:00","3000-01-01 00:00:00","1900-01-01 00:00:00","Del_","","","Working","","1","VAMSHI KRISHAN GP","","Mobinius Technologies Pvt Ltd","System admin","Bangalore","Syst Admin","1900-01-01 00:00:00","","","","M","0","","","","","","","","Bangalore","18-02-2016","","","","","","","1","0.0","","","0","0","Single Shift in a Day","","","","","","","","","","","","","","","","","","","","",""
"47","AMRITA KUMARI","Del_16119","","16119","F","4","6","Software Engineer","1","2016-03-16 00:00:00","3000-01-01 00:00:00","1900-01-01 00:00:00","Del_","","","Working","","1","AMRITA KUMARI","","Mobinius Technologies Pvt Ltd","Web","Bangalore","Software Engineer","1900-01-01 00:00:00","","","","F","0","","","","","","","","Bangalore","16-03-2016","","","","","","","1","0.0","","","0","0","Single Shift in a Day","","","","","","","","","","","","","","","","","","","","",""
"48","PRAJNA MP","Del_16121","","16121","F","4","7","Software Engineer","1","2016-03-21 00:00:00","3000-01-01 00:00:00","1900-01-01 00:00:00","Del_","","","Working","","1","PRAJNA MP","","Mobinius Technologies Pvt Ltd","Android","Bangalore","Software Engineer","1900-01-01 00:00:00","","","","F","0","","","","","","","","Bangalore","21-03-2016","","","","","","","1","0.0","","","0","0","Single Shift in a Day","","","","","","","","","","","","","","","","","","","","",""
"49","SHREESHA BHAT H","Del_16123","","16123","M","4","6","Software Engineer","1","2016-04-04 00:00:00","3000-01-01 00:00:00","1900-01-01 00:00:00","Del_","","","Working","","1","SHREESHA BHAT H","","Mobinius Technologies Pvt Ltd","Web","Bangalore","Software Engineer","1900-01-01 00:00:00","","","","M","0","","","","","","","","Bangalore","04-04-2016","","","","","","","1","0.0","","","0","0","Single Shift in a Day","","","","","","","","","","","","","","","","","","","","",""
"50","ABHIJITH KUMAR","Del_16124","","16124","M","4","6","Software Engineer","1","2016-04-04 00:00:00","3000-01-01 00:00:00","1900-01-01 00:00:00","Del_","","","Working","","1","ABHIJITH KUMAR","","Mobinius Technologies Pvt Ltd","Web","Bangalore","Software Engineer","1900-01-01 00:00:00","","","","M","0","","","","","","","","Bangalore","04-04-2016","","","","","","","1","0.0","","","0","0","Single Shift in a Day","","","","","","","","","","","","","","","","","","","","",""
"51","SUNIL CJ","Del_16126","","16126","M","4","6","SSE","1","2016-04-25 00:00:00","3000-01-01 00:00:00","1900-01-01 00:00:00","Del_","","","Working","","1","SUNIL CJ","","Mobinius Technologies Pvt Ltd","Web","Bangalore","SSE","1900-01-01 00:00:00","","","","M","0","","","","","","","","Bangalore","25-04-2016","","","","","","","1","0.0","","","0","0","Single Shift in a Day","","","","","","","","","","","","","","","","","","","","",""
"52","BHUVANESH R","Del_16127","","16127","M","4","13","Recruiter","1","2016-05-17 00:00:00","3000-01-01 00:00:00","1900-01-01 00:00:00","Del_","","","Working","","1","BHUVANESH R","","Mobinius Technologies Pvt Ltd","Recruitment","Bangalore","Recruiter","1900-01-01 00:00:00","","","","M","0","","","","","","","","Bangalore","17-05-2016","","","","","","","1","0.0","","","0","0","Single Shift in a Day","","","","","","","","","","","","","","","","","","","","",""
"53","DEVI R","Del_16130","","16130","F","4","7","Software Engineer","1","2016-06-13 00:00:00","3000-01-01 00:00:00","1900-01-01 00:00:00","Del_","","","Working","","1","DEVI R","","Mobinius Technologies Pvt Ltd","Android","Bangalore","Software Engineer","1900-01-01 00:00:00","","","","F","0","","","","","","","","Bangalore","13-06-2016","","","","","","","1","0.0","","","0","0","Single Shift in a Day","","","","","","","","","","","","","","","","","","","","",""
"54","KASHYAP RAI K","Del_16131","","16131","M","4","6","Software Engineer","1","2016-06-20 00:00:00","3000-01-01 00:00:00","1900-01-01 00:00:00","Del_","","","Working","","1","KASHYAP RAI K","","Mobinius Technologies Pvt Ltd","Web","Bangalore","Software Engineer","1900-01-01 00:00:00","","","","M","0","","","","","","","","Bangalore","20-06-2016","","","","","","","1","0.0","","","0","0","Single Shift in a Day","","","","","","","","","","","","","","","","","","","","",""
"55","GAURAV RAO K","Del_16132","","16132","M","4","6","Software Engineer","1","2016-06-20 00:00:00","3000-01-01 00:00:00","1900-01-01 00:00:00","Del_","","","Working","","1","GAURAV RAO K","","Mobinius Technologies Pvt Ltd","Web","Bangalore","Software Engineer","1900-01-01 00:00:00","","","","M","0","","","","","","","","Bangalore","20-06-2016","","","","","","","1","0.0","","","0","0","Single Shift in a Day","","","","","","","","","","","","","","","","","","","","",""
"56","KEERTHI GANESH KP","Del_16133","","16133","M","4","7","Software Engineer","1","2016-06-20 00:00:00","3000-01-01 00:00:00","1900-01-01 00:00:00","Del_","","","Working","","1","KEERTHI GANESH KP","","Mobinius Technologies Pvt Ltd","Android","Bangalore","Software Engineer","1900-01-01 00:00:00","","","","M","0","","","","","","","","Bangalore","20-06-2016","","","","","","","1","0.0","","","0","0","Single Shift in a Day","","","","","","","","","","","","","","","","","","","","",""
"57","NIREEKSHITHA C","Del_16134","","16134","F","4","6","Software Engineer","1","2016-06-20 00:00:00","3000-01-01 00:00:00","1900-01-01 00:00:00","Del_","","","Working","","1","NIREEKSHITHA C","","Mobinius Technologies Pvt Ltd","Web","Bangalore","Software Engineer","1900-01-01 00:00:00","","","","F","0","","","","","","","","Bangalore","20-06-2016","","","","","","","1","0.0","","","0","0","Single Shift in a Day","","","","","","","","","","","","","","","","","","","","",""
"58","CHAITHRA TS","Del_16135","","16135","F","4","8","Software Engineer","1","2016-06-20 00:00:00","3000-01-01 00:00:00","1900-01-01 00:00:00","Del_","","","Working","","1","CHAITHRA TS","","Mobinius Technologies Pvt Ltd","iOS","Bangalore","Software Engineer","1900-01-01 00:00:00","","","","F","0","","","","","","","","Bangalore","20-06-2016","","","","","","","1","0.0","","","0","0","Single Shift in a Day","","","","","","","","","","","","","","","","","","","","",""
"59","MURALI MOHANA M","Del_16137","","16137","M","4","2","Senior HR Managar","1","2016-06-27 00:00:00","3000-01-01 00:00:00","1900-01-01 00:00:00","Del_","","","Working","","1","MURALI MOHANA M","","Mobinius Technologies Pvt Ltd","HR","Bangalore","Senior HR Managar","1900-01-01 00:00:00","","","","M","0","","","","","","","","Bangalore","27-06-2016","","","","","","","1","0.0","","","0","0","Single Shift in a Day","","","","","","","","","","","","","","","","","","","","",""
"60","SUCHETHA K S","Del_16138","","16138","F","4","14","Sales Executive","1","2016-07-04 00:00:00","3000-01-01 00:00:00","1900-01-01 00:00:00","Del_","","","Working","","1","SUCHETHA K S","","Mobinius Technologies Pvt Ltd","Sales","Bangalore","Sales Executive","1900-01-01 00:00:00","","","","F","0","","","","","","","","Bangalore","04-07-2016","","","","","","","1","0.0","","","0","0","Single Shift in a Day","","","","","","","","","","","","","","","","","","","","",""
"61","LAVANYA B R","Del_16143","","16143","F","4","8","Software Engineer","1","2016-07-18 00:00:00","3000-01-01 00:00:00","1900-01-01 00:00:00","Del_","","","Working","","1","LAVANYA B R","","Mobinius Technologies Pvt Ltd","iOS","Bangalore","Software Engineer","1900-01-01 00:00:00","","","","F","0","","","","","","","","Bangalore","18-07-2016","","","","","","","1","0.0","","","0","0","Single Shift in a Day","","","","","","","","","","","","","","","","","","","","",""
"62","BHUBALA K","Del_16144","","16144","F","4","8","Software Engineer","1","2016-07-21 00:00:00","3000-01-01 00:00:00","1900-01-01 00:00:00","Del_","","","Working","","1","BHUBALA K","","Mobinius Technologies Pvt Ltd","iOS","Bangalore","Software Engineer","1900-01-01 00:00:00","","","","F","0","","","","","","","","Bangalore","21-07-2016","","","","","","","1","0.0","","","0","0","Single Shift in a Day","","","","","","","","","","","","","","","","","","","","",""
"63","TAMIL SELVAN R","Del_16145","","16145","M","4","8","Software Engineer","1","2016-07-27 00:00:00","3000-01-01 00:00:00","1900-01-01 00:00:00","Del_","","","Working","","1","TAMIL SELVAN R","","Mobinius Technologies Pvt Ltd","iOS","Bangalore","Software Engineer","1900-01-01 00:00:00","","","","M","0","","","","","","","","Bangalore","27-07-2016","","","","","","","1","0.0","","","0","0","Single Shift in a Day","","","","","","","","","","","","","","","","","","","","",""
"64","VISHWAVIJET N B","Del_16148","","16148","M","4","8","SSE","1","2016-08-08 00:00:00","3000-01-01 00:00:00","1900-01-01 00:00:00","Del_","","","Working","","1","VISHWAVIJET N B","","Mobinius Technologies Pvt Ltd","iOS","Bangalore","SSE","1900-01-01 00:00:00","","","","M","0","","","","","","","","Bangalore","08-08-2016","","","","","","","1","0.0","","","0","0","Single Shift in a Day","","","","","","","","","","","","","","","","","","","","",""
"65","JASIR VALIYA VALAPPIL","Del_16150","","16150","M","4","6","Software Engineer","1","2016-09-21 00:00:00","3000-01-01 00:00:00","1900-01-01 00:00:00","Del_","","","Working","","1","JASIR VALIYA VALAPPIL","","Mobinius Technologies Pvt Ltd","Web","Bangalore","Software Engineer","1900-01-01 00:00:00","","","","M","0","","","","","","","","Bangalore","21-09-2016","","","","","","","1","0.0","","","0","0","Single Shift in a Day","","","","","","","","","","","","","","","","","","","","",""
"66","NISHMITHA K SHENOY","Del_16151","","16151","F","4","5","TTE","1","2016-09-26 00:00:00","3000-01-01 00:00:00","1900-01-01 00:00:00","Del_","","","Working","","1","NISHMITHA K SHENOY","","Mobinius Technologies Pvt Ltd","QA","Bangalore","TTE","1900-01-01 00:00:00","","","","F","0","","","","","","","","Bangalore","26-09-2016","","","","","","","1","0.0","","","0","0","Single Shift in a Day","","","","","","","","","","","","","","","","","","","","",""
"67","SWETHA M","Del_16152","","16152","F","4","5","TTE","1","2016-09-26 00:00:00","3000-01-01 00:00:00","1900-01-01 00:00:00","Del_","","","Working","","1","SWETHA M","","Mobinius Technologies Pvt Ltd","QA","Bangalore","TTE","1900-01-01 00:00:00","","","","F","0","","","","","","","","Bangalore","26-09-2016","","","","","","","1","0.0","","","0","0","Single Shift in a Day","","","","","","","","","","","","","","","","","","","","",""
"68","SANJAY BOL","Del_16154","","16154","M","4","15","Project Manager","1","2016-11-28 00:00:00","3000-01-01 00:00:00","1900-01-01 00:00:00","Del_","","","Working","","1","SANJAY BOL","","Mobinius Technologies Pvt Ltd","Lead","Bangalore","Project Manager","1900-01-01 00:00:00","","","","M","0","","","","","","","","Bangalore","28-11-2016","","","","","","","1","0.0","","","0","0","Single Shift in a Day","","","","","","","","","","","","","","","","","","","","",""
"69","RAMJI R","Del_16155","","16155","M","4","6","Tech Lead","1","2016-11-28 00:00:00","3000-01-01 00:00:00","1900-01-01 00:00:00","Del_","","","Working","","1","RAMJI R","","Mobinius Technologies Pvt Ltd","Web","Bangalore","Tech Lead","1900-01-01 00:00:00","","","","M","0","","","","","","","","Bangalore","28-11-2016","","","","","","","1","0.0","","","0","0","Single Shift in a Day","","","","","","","","","","","","","","","","","","","","",""
"70","MANISANKAR R","Del_16156","","16156","M","4","6","Software Engineer","1","2016-11-28 00:00:00","3000-01-01 00:00:00","1900-01-01 00:00:00","Del_","","","Working","","1","MANISANKAR R","","Mobinius Technologies Pvt Ltd","Web","Bangalore","Software Engineer","1900-01-01 00:00:00","","","","M","0","","","","","","","","Bangalore","28-11-2016","","","","","","","1","0.0","","","0","0","Single Shift in a Day","","","","","","","","","","","","","","","","","","","","",""
"71","SAKTHIVEL K","Del_16157","","16157","M","4","6","Tech Lead","1","2016-11-30 00:00:00","3000-01-01 00:00:00","1900-01-01 00:00:00","Del_","","","Working","","1","SAKTHIVEL K","","Mobinius Technologies Pvt Ltd","Web","Bangalore","Tech Lead","1900-01-01 00:00:00","","","","M","0","","","","","","","","Bangalore","30-11-2016","","","","","","","1","0.0","","","0","0","Single Shift in a Day","","","","","","","","","","","","","","","","","","","","",""
"72","SHAIK MOHAMMED RAIHAN","Del_16158","","16158","M","4","5","Testing Engineer","1","2016-12-14 00:00:00","3000-01-01 00:00:00","1900-01-01 00:00:00","Del_","","","Working","","1","SHAIK MOHAMMED RAIHAN","","Mobinius Technologies Pvt Ltd","QA","Bangalore","Testing Engineer","1900-01-01 00:00:00","","","","M","0","","","","","","","","Bangalore","14-12-2016","","","","","","","1","0.0","","","0","0","Single Shift in a Day","","","","","","","","","","","","","","","","","","","","",""
"73","P K BINGYAPITA ROUT","Del_16159","","16159","F","4","6","SSE","1","2016-12-21 00:00:00","3000-01-01 00:00:00","1900-01-01 00:00:00","Del_","","","Working","","1","P K BINGYAPITA ROUT","","Mobinius Technologies Pvt Ltd","Web","Bangalore","SSE","1900-01-01 00:00:00","","","","F","0","","","","","","","","Bangalore","21-12-2016","","","","","","","1","0.0","","","0","0","Single Shift in a Day","","","","","","","","","","","","","","","","","","","","",""
"74","SHIVANI GAUTAM","Del_16160","","16160","F","4","6","SSE","1","2016-12-26 00:00:00","3000-01-01 00:00:00","1900-01-01 00:00:00","Del_","","","Working","","1","SHIVANI GAUTAM","","Mobinius Technologies Pvt Ltd","Web","Bangalore","SSE","1900-01-01 00:00:00","","","","F","0","","","","","","","","Bangalore","26-12-2016","","","","","","","1","0.0","","","0","0","Single Shift in a Day","","","","","","","","","","","","","","","","","","","","",""
"75","PRANAYA MOHANTY","Del_17161","","17161","M","4","14","BDE","1","2017-01-02 00:00:00","3000-01-01 00:00:00","1900-01-01 00:00:00","Del_","","","Working","","1","PRANAYA MOHANTY","","Mobinius Technologies Pvt Ltd","Sales","Bangalore","BDE","1900-01-01 00:00:00","","","","M","0","","","","","","","","Bangalore","02-01-2017","","","","","","","1","0.0","","","0","0","Single Shift in a Day","","","","","","","","","","","","","","","","","","","","",""
"76","KAVITHA GUMASHTA","Del_17162","","17162","F","4","16","Mktg Comm Specialist","1","2017-01-03 00:00:00","3000-01-01 00:00:00","1900-01-01 00:00:00","Del_","","","Working","","1","KAVITHA GUMASHTA","","Mobinius Technologies Pvt Ltd","Marketing","Bangalore","Mktg Comm Specialist","1900-01-01 00:00:00","","","","F","0","","","","","","","","Bangalore","03-01-2017","","","","","","","1","0.0","","","0","0","Single Shift in a Day","","","","","","","","","","","","","","","","","","","","",""
"77","MANOJ KUMAR REDDY C","Del_17163","","17163","M","4","11","Graphic Designer","1","2017-01-24 00:00:00","3000-01-01 00:00:00","1900-01-01 00:00:00","Del_","","","Working","","1","MANOJ KUMAR REDDY C","","Mobinius Technologies Pvt Ltd","Design","Bangalore","Graphic Designer","1900-01-01 00:00:00","","","","M","0","","","","","","","","Bangalore","24-01-2017","","","","","","","1","0.0","","","0","0","Single Shift in a Day","","","","","","","","","","","","","","","","","","","","",""
"78","1100","Del_1100","","1100","Male","1","1","","1","1900-01-01 00:00:00","3000-01-01 00:00:00","1900-01-01 00:00:00","Del_1100","","Permanent","Working","","1","","","","","","","1900-01-01 00:00:00","","","","","0","","","","","","","","","","","","","","","","1","","","","0","0","Single Shift in a Day","","","","","","","","","","","","","","","","","","","","",""
"79","111","Del_111","","111","Male","1","1","","1","1900-01-01 00:00:00","3000-01-01 00:00:00","1900-01-01 00:00:00","Del_111","","Permanent","Working","","1","","","","","","","1900-01-01 00:00:00","","","","","0","","","","","","","","","","","","","","","","1","","","","0","0","Single Shift in a Day","","","","","","","","","","","","","","","","","","","","",""
"80","MURALI MOHANA M","16137","","16137","Male","4","2","Senior HR Managar","1","2016-06-27 00:00:00","3000-01-01 00:00:00","2016-09-27 00:00:00","16137","","Permanent","Working","","1","","","","","","","1900-01-01 00:00:00","","","","","1","","","","","","","","Bangalore","","","","","h0/SYTaqgJ0=","","","1","0.0","0.0","","0","0","Single Shift in a Day","","","","","","","1900-01-01 00:00:00","","0.0","","","","","","","","","","","",""
"81","13024","Del_13024","","13024","Male","1","1","","1","1900-01-01 00:00:00","3000-01-01 00:00:00","1900-01-01 00:00:00","Del_13024","","Permanent","Working","","1","","","","","","","1900-01-01 00:00:00","","","","","0","","","","","","","","","","","","","","","","1","","","","0","0","Single Shift in a Day","","","","","","","","","","","","","","","","","","","","",""
"82","1100","1100","","1100","Male","1","1","","1","1900-01-01 00:00:00","3000-01-01 00:00:00","1900-01-01 00:00:00","1100","","Permanent","Working","","1","","","","","","","1900-01-01 00:00:00","","","","","1","","","","","","","","","","","","","","","","1","","","","0","0","Single Shift in a Day","","","","","","","","","","","","","","","","","","","","",""
"83","111","Del_111","","111","Male","1","1","","1","1900-01-01 00:00:00","3000-01-01 00:00:00","1900-01-01 00:00:00","Del_111","","Permanent","Working","","1","","","","","","","1900-01-01 00:00:00","","","","","0","","","","","","","","","","","","","","","","1","","","","0","0","Single Shift in a Day","","","","","","","","","","","","","","","","","","","","",""
"84","KAVYA A H","13024","","13024","Female","4","2","HR Executive","1","2013-06-17 00:00:00","3000-01-01 00:00:00","2013-09-17 00:00:00","13024","","Permanent","Working","","1","","","","","","","1900-01-01 00:00:00","","","","","1","","","","","","","","Bangalore","","","","","h0/SYTaqgJ0=","","","1","0.0","0.0","","0","0","Single Shift in a Day","","","","","","","1900-01-01 00:00:00","","0.0","","","","","","","","","","","",""
"85","KIRAN G K","12009","","12009","Male","4","5","SSE","1","2012-06-25 00:00:00","3000-01-01 00:00:00","2012-09-25 00:00:00","12009","","Permanent","Working","","1","","","","","","","1900-01-01 00:00:00","","","","","1","","","","","","","","Bangalore","","","","","h0/SYTaqgJ0=","","","1","0.0","0.0","","0","0","Single Shift in a Day","","","","","","","1900-01-01 00:00:00","","0.0","","","","","","","","","","","",""
"86","11001","Del_11001","","11001","Male","1","1","","1","1900-01-01 00:00:00","3000-01-01 00:00:00","1900-01-01 00:00:00","Del_11001","","Permanent","Working","","1","","","","","","","1900-01-01 00:00:00","","","","","0","","","","","","","","","","","","","","","","1","","","","0","0","Single Shift in a Day","","","","","","","","","","","","","","","","","","","","",""
"87","LOKESHA M","11002","","11002","Male","4","4","COO","1","2011-02-14 00:00:00","3000-01-01 00:00:00","2011-05-14 00:00:00","11002","","Permanent","Working","","1","","","","","","","1900-01-01 00:00:00","","","","","1","","","","","","","","Bangalore","","","","","h0/SYTaqgJ0=","","","1","0.0","0.0","","0","0","Single Shift in a Day","","","","","","","1900-01-01 00:00:00","","0.0","","","","","","","","","","","",""
"88","SHARATH KUMAR T P","13027","","13027","Male","4","4","VP NEW BUSINESS","1","2013-09-01 00:00:00","3000-01-01 00:00:00","2013-11-30 00:00:00","13027","","Permanent","Working","","1","","","","","","","1900-01-01 00:00:00","","","","","1","","","","","","","","Bangalore","","","","","h0/SYTaqgJ0=","","","1","0.0","0.0","","0","0","Single Shift in a Day","","","","","","","1900-01-01 00:00:00","","0.0","","","","","","","","","","","",""
"89","ABHISHEK KUMAR","Del_13032","","13032","Male","4","7","SSE","1","2013-10-01 00:00:00","3000-01-01 00:00:00","2013-12-31 00:00:00","Del_13032","","Permanent","Working","","1","","","","","","","1900-01-01 00:00:00","","","","","0","","","","","","","","Bangalore","","","","","h0/SYTaqgJ0=","","","1","0.0","0.0","","0","0","Single Shift in a Day","","","","","","","1900-01-01 00:00:00","","0.0","","","","","","","","","","","",""
"90","KEERTHI GANESH K P","16133","","16133","Male","4","7","Software Engineer","1","2016-06-20 00:00:00","3000-01-01 00:00:00","2016-12-20 00:00:00","16133","","Permanent","Working","","1","","","","","","","1900-01-01 00:00:00","","","","","1","","","","","","","","Bangalore","","","","","h0/SYTaqgJ0=","","","1","0.0","0.0","","0","0","Single Shift in a Day","","","","","","","1900-01-01 00:00:00","","0.0","","","","","","","","","","","",""
"91","VISITOR","101","","101","Male","4","6","VISITOR","1","2017-06-27 00:00:00","3000-01-01 00:00:00","2017-09-27 00:00:00","101","","Permanent","Working","","1","","","","","","","1900-01-01 00:00:00","","","","","1","","","","","","","","Bangalore","","","","","h0/SYTaqgJ0=","","","1","0.0","0.0","","0","0","Single Shift in a Day","","","","","","","1900-01-01 00:00:00","","0.0","","","","","","","","","","","",""
"92","13025","Del_13025","","13025","Male","4","7","SSE","1","2013-07-25 00:00:00","3000-01-01 00:00:00","2013-10-25 00:00:00","Del_13025","","Permanent","Working","","1","","","","","","","1900-01-01 00:00:00","","","","","0","","","","","","","","Bangalore","","","","","h0/SYTaqgJ0=","","","1","0.0","0.0","","0","0","Single Shift in a Day","","","","","","","1900-01-01 00:00:00","","0.0","","","","","","","","","","","",""
"93","PABITRA RANJAN SAHU","13034","","13034","Male","4","8","Team Lead","1","2013-10-10 00:00:00","3000-01-01 00:00:00","2014-01-10 00:00:00","13034","","Permanent","Working","","1","","","","","","","1900-01-01 00:00:00","","","","","1","","","","","","","","Bangalore","","","","","h0/SYTaqgJ0=","","","1","0.0","0.0","","0","0","Single Shift in a Day","","","","","","","1900-01-01 00:00:00","","0.0","","","","","","","","","","","",""
"94","SANDEEP M P","13036","","13036","Male","4","6","SSE","1","2013-11-06 00:00:00","3000-01-01 00:00:00","2014-02-06 00:00:00","13036","","Permanent","Working","","1","","","","","","","1900-01-01 00:00:00","","","","","1","","","","","","","","Bangalore","","","","","h0/SYTaqgJ0=","","","1","0.0","0.0","","0","0","Single Shift in a Day","","","","","","","1900-01-01 00:00:00","","0.0","","","","","","","","","","","",""
"95","YOUSUFF KHAN","14050","","14050","Male","4","6","Software Engineer","1","2014-06-09 00:00:00","3000-01-01 00:00:00","2014-09-09 00:00:00","14050","","Permanent","Working","","1","","","","","","","1900-01-01 00:00:00","","","","","1","","","","","","","","Bangalore","","","","","h0/SYTaqgJ0=","","","1","0.0","0.0","","0","0","Single Shift in a Day","","","","","","","1900-01-01 00:00:00","","0.0","","","","","","","","","","","",""
"96","PREMRAJ","Del_14053","","14053","Male","4","7","Software Engineer","1","2014-09-01 00:00:00","3000-01-01 00:00:00","2014-11-30 00:00:00","Del_14053","","Permanent","Working","","1","","","","","","","1900-01-01 00:00:00","","","","","0","","","","","","","","Bangalore","","","","","h0/SYTaqgJ0=","","","1","0.0","0.0","","0","0","Single Shift in a Day","","","","","","","1900-01-01 00:00:00","","0.0","","","","","","","","","","","",""
"97","TRUPTI S","Del_14056","","14056","Female","4","7","Software Engineer","1","2014-09-08 00:00:00","3000-01-01 00:00:00","2014-12-08 00:00:00","Del_14056","","Permanent","Working","","1","","","","","","","1900-01-01 00:00:00","","","","","0","","","","","","","","Bangalore","","","","","h0/SYTaqgJ0=","","","1","0.0","0.0","","0","0","Single Shift in a Day","","","","","","","1900-01-01 00:00:00","","0.0","","","","","","","","","","","",""
"98","ZEBA KHATIB","14057","","14057","Female","4","6","SSE","1","2014-09-22 00:00:00","3000-01-01 00:00:00","2014-12-22 00:00:00","14057","","Permanent","Working","","1","","","","","","","1900-01-01 00:00:00","","","","","1","","","","","","","","Bangalore","","","","","h0/SYTaqgJ0=","","","1","0.0","0.0","","0","0","Single Shift in a Day","","","","","","","1900-01-01 00:00:00","","0.0","","","","","","","","","","","",""
"99","KIRAN M","14062","","14062","Male","4","2","Office Boy","1","2014-10-06 00:00:00","3000-01-01 00:00:00","2015-01-06 00:00:00","14062","","Permanent","Working","","1","","","","","","","1900-01-01 00:00:00","","","","","1","","","","","","","","Bangalore","","","","","h0/SYTaqgJ0=","","","1","0.0","0.0","","0","0","Single Shift in a Day","","","","","","","1900-01-01 00:00:00","","0.0","","","","","","","","","","","",""
"100","BRAJESH KUMAR","Del_14063","","14063","Male","4","10","Syst Admin","1","2014-10-28 00:00:00","3000-01-01 00:00:00","2015-01-28 00:00:00","Del_14063","","Permanent","Working","","1","","","","","","","1900-01-01 00:00:00","","","","","0","","","","","","","","Bangalore","","","","","h0/SYTaqgJ0=","","","1","0.0","0.0","","0","0","Single Shift in a Day","","","","","","","1900-01-01 00:00:00","","0.0","","","","","","","","","","","",""
"101","BARNALI BHOWMIK","14067","","14067","Female","4","7","Software Engineer","1","2014-12-09 00:00:00","3000-01-01 00:00:00","2015-03-09 00:00:00","14067","","Permanent","Working","","1","","","","","","","1900-01-01 00:00:00","","","","","1","","","","","","","","Bangalore","","","","","h0/SYTaqgJ0=","","","1","0.0","0.0","","0","0","Single Shift in a Day","","","","","","","1900-01-01 00:00:00","","0.0","","","","","","","","","","","",""
