137,MURALI MOHANA,Male,01/01/00,SR MANAGER,01,00
11001,DAMODAR P,Male,02/14/11,CEO,02,11
11002,LOKESHA M,Male,02/14/11,COO,02,11
12009,KIRAN G K,Male,06/25/12,SSE,06,12
13020,SHRISHA BAYARI,Male,02/04/13,SSE,02,13
13024,KAVYA A H,Female,06/17/13,HR Executive,06,13
13025,P PRASANNA KUMAR,Male,07/25/13,SSE,07,13
13027,SHARATH KUMAR T P,Male,09/01/13,VP NEW BUSINESS,09,13
13032,ABHISHEK KUMAR,Male,10/01/13,SSE,10,13
13034,PABITRA RANJAN SAHU,Male,10/10/13,Team Lead,10,13
13036,SANDEEP M P,Male,11/06/13,SSE,11,13
14050,YOUSUFF KHAN,Male,06/09/14,Software Engineer,06,14
14053,PREMRAJ,Male,09/01/14,Software Engineer,09,14
14056,TRUPTI S,Female,09/08/14,Software Engineer,09,14
14057,ZEBA KHATIB,Female,09/22/14,SSE,09,14
14062,KIRAN M,Male,10/06/14,Office Boy,10,14
14063,BRAJESH KUMAR,Male,10/28/14,System Admin,10,14
14067,BARNALI BHOWMIK,Female,12/09/14,Software Engineer,12,14
14069,MUKESH KUMAR MISHRA,Male,12/16/14,Software Engineer,12,14
15071,MANJULA A,Female,02/23/15,HR Manager,02,15
15072,SANJAY KUMAR S,Male,03/02/15,Graphic Designer,03,15
15073,JAGADISH A J,Male,03/04/15,Software Engineer,03,15
15074,DEEPAK HARIBHAV CHAPLE,Male,03/23/15,SSE,03,15
15077,KESAVAN R,Male,04/01/15,Software Engineer,04,15
15079,SANTHOSH PAVALKODY,Male,04/07/15,Software Engineer,04,15
15081,RAJESH KASULA,Male,04/13/15,Software Engineer,04,15
15083,BHARGAV R K,Male,04/20/15,Testing Engineer,04,15
15084,POONAM M SAYYAD,Female,04/20/15,Testing Engineer,04,15
15085,JESUDAS FERNANDES,Male,04/27/15,VP Global Delivery,04,15
15086,BISWAJEET ROUT,Male,05/21/15,Graphics Designer,05,15
15087,MANJUNATH P C,Male,05/26/15,Sr GD,05,15
15091,GANESH G SHANBHAG,Male,06/22/15,Test Lead,06,15
15096,ANEESH D N,Male,08/31/15,Tech Lead,08,15
15099,ADITHYA KESARLA,Male,09/07/15,Software Engineer,09,15
15101,VINIT DESAI,Female,09/21/15,Software Engineer,09,15
15103,NAGESH M CHANDAN,Male,10/05/15,SSE,10,15
15104,HARSHA JAGADISH,Male,10/14/15,Tech Lead,10,15
15105,MUZAEED,Male,11/23/15,Software Engineer,11,15
15107,KAPA BRAHMANAIDU,Male,12/07/15,Tech Lead,12,15
16109,SUSHMITHA B,Female,01/04/16,Recruiter,01,16
16110,ROBIN MANDANGADA,Male,01/25/16,Project Manager,01,16
16114,BHAGAVATHI KIRAN P,Male,02/08/16,Acc Executive,02,16
16115,SHASHIDHAR K V,Male,02/17/16,Software Engineer,02,16
16116,VAMSHI KRISHAN GP,Male,02/18/16,Syst Admin,02,16
16119,AMRITA KUMARI,Female,03/16/16,Software Engineer,03,16
16121,PRAJNA MP,Female,03/21/16,Software Engineer,03,16
16123,SHREESHA BHAT H,Male,04/04/16,Software Engineer,04,16
16124,ABHIJITH KUMAR,Male,04/04/16,Software Engineer,04,16
16126,SUNIL CJ,Male,04/25/16,SSE,04,16
16127,BHUVANESH R,Male,05/17/16,Recruiter,05,16
16130,DEVI R,Female,06/13/16,Software Engineer,06,16
16131,KASHYAP RAI K,Male,06/20/16,Software Engineer,06,16
16132,GAURAV RAO K,Male,06/20/16,Software Engineer,06,16
16133,KEERTHI GANESH KP,Male,06/20/16,Software Engineer,06,16
16134,NIREEKSHITHA C,Female,06/20/16,Software Engineer,06,16
16135,CHAITHRA TS,Female,06/20/16,Software Engineer,06,16
16137,MURALI MOHANA M,Male,06/27/16,Senior HR Managar,06,16
16138,SUCHETHA K S,Female,07/04/16,Sales Executive,07,16
16143,LAVANYA B R,Female,07/18/16,Software Engineer,07,16
16144,BHUBALA K,Female,07/21/16,Software Engineer,07,16
16145,TAMIL SELVAN R,Male,07/27/16,Software Engineer,07,16
16148,VISHWAVIJET N B,Male,08/08/16,SSE,08,16
16150,JASIR VALIYA VALAPPIL,Male,09/21/16,Software Engineer,09,16
16151,NISHMITHA K SHENOY,Female,09/26/16,TTE,09,16
16152,SWETHA M,Female,09/26/16,TTE,09,16
16154,SANJAY BOL,Male,11/28/16,Project Manager,11,16
16155,RAMJI R,Male,11/28/16,Tech Lead,11,16
16156,MANISANKAR R,Male,11/28/16,Software Engineer,11,16
16157,SAKTHIVEL K,Male,11/30/16,Tech Lead,11,16
16158,SHAIK MOHAMMED RAIHAN,Male,12/14/16,Testing Engineer,12,16
16159,P K BINGYAPITA ROUT,Female,12/21/16,SSE,12,16
16160,SHIVANI GAUTAM,Female,12/26/16,SSE,12,16
17161,PRANAYA MOHANTY,Male,01/02/17,BDE,01,17
17162,KAVITHA GUMASHTA,Female,01/03/17,Mktg Comm Specialist,01,17
17163,MANOJ KUMAR REDDY C,Male,01/24/17,Graphic Designer,01,17
16133,KEERTHI GANESH K P,Male,06/20/16,Software Engineer,06,16
101,VISITOR,Male,06/27/17,VISITOR,06,17
1011,AKHILESH KUMAR,Male,06/01/17,Consultant,06,17
16116,VAMSHI KRISHNA G P,Male,02/18/16,Syst Admin,02,16
16121,PRAJNA M P,Female,03/21/16,Software Engineer,03,16
16124,ABHIJIT KUMAR,Male,04/04/16,Software Engineer,04,16
16126,SUNIL C J,Male,04/25/16,SSE,04,16
16135,CHAITHRA T S,Female,06/20/16,Software Engineer,06,16
17183,PIYUSH KUMAR BISWAL,Male,06/19/17,SSE,06,17
17164,NITHIN AR,Male,02/01/17,Software Engineer,02,17
17165,PRATHYUSHA NALUMACHU,Female,02/01/17,Software Engineer,02,17
17185,DEVENDRA KUMAR KHATRI,Male,06/27/17,SSE,06,17
17196,GURUMURTHY J D,Male,08/01/17,DIRECTOR - CLIENT SUCCESS,08,17
17205,PRATHVI V RAO,Female,09/04/17,TRAINEE SOFTWARE ENGINEER,09,17
17204,SHWETHA,Female,09/04/17,TRAINEE SOFTWARE ENGINEER,09,17
17203,POOJA SHETTY,Female,09/04/17,TRAINEE SOFTWARE ENGINEER,09,17
17170,RAMYA R,Female,03/13/17,Sr.Exe-Market Research,03,17
1001,RADHA P,Female,03/01/17,SWEEPER,03,17
1008,ANIL VERMA,Male,12/05/16,Consultant,12,16
17166,PRANEETH BOOPATHI ,Male,02/20/17,Tech Architect,02,17
17164,NITHIN A R,Male,02/01/17,Software Engineer,02,17
16136,HARSHA J K,Male,06/27/16,Software Engineer,06,16
16128,AKASH HARENDRA WANJARI,Male,05/19/16,Software Engineer,05,16
17166,PRANEETH BHOOPATI,Male,02/20/17,Tech Architect,02,17
17167,AMRUTA BANDENNAVAR,Female,02/22/17,TTE,02,17
17168,SAGAR INGALAGI,Male,02/27/17,Software Engineer,02,17
17169,LOKENDRA JAIN,Male,02/27/17,Team Lead,02,17
1009,DAYANAND JAGATAP,Male,06/07/17,Consultant,06,17
17172,BILAL P S,Male,03/22/17,Executive Market Research,03,17
17173,SUJIT KUMAR BEHERA,Male,03/27/17,Senior Testing Engineer,03,17
17174,ARUN B K,Male,04/10/17,SSE,04,17
1010,SATYANARAYAN NANDA,Male,04/11/17,Consultant ,04,17
17175,TEJASWI RUDRARAJU,Female,04/21/17,SSE,04,17
17176,PALLAVI CHATTERJEE,Female,05/08/17,SSE,05,17
17177,MUHAMMAD AQIB K,Male,05/10/17,SSE,05,17
17178,GOPINATH MOHAN,Male,05/19/17,Software Engineer,05,17
17179,NIVETHA R,Female,05/22/17,SSE,05,17
17184,PRASAD NIDODE,Male,06/19/17,SSE,06,17
17181,MADHU SUDHAN RAO KORNI,Male,05/29/17,Tech Lead,05,17
17182,ABARAJITHAN RAMACHANDRAN,Male,06/01/17,SSE,06,17
16139,MUTHUKUMAR R,Male,07/11/16,Tech Lead,07,16
11004,AKBAR ALI,Male,07/06/11,Team Lead,07,11
17186,SUKHCHAND KISKU,Male,06/27/17,Software Engineer,06,17
17187,SWARUPYA DUTTA,Male,07/03/17,Trainee Graphic Designer,07,17
17188,SANGEETA KUMARI,Female,07/03/17,SSE,07,17
16153,ANITHA E M,Female,10/14/16,SSE,10,16
13040,NARENDRA V,Male,12/23/13,SSE,12,13
17190,ARUN RAGA,Male,07/14/17,SSE,07,17
17191,SENTHILKUMARAN S,Male,07/17/17,Web Designer,07,17
17192,HARSHA KUMAR KS,Male,07/17/17,Testing Engineer,07,17
17190,SENTHIL KUMARAN S,Male,07/17/17,Web Designer,07,17
17191,HARSHA KUMAR K S,Male,07/17/17,Testing Engineer,07,17
17192,VIJAY B C,Male,07/19/17,SSE,07,17
17189,ARUNKUMAR RAGA,Male,07/14/17,SSE,07,17
17194,NANDAN L G,Male,08/01/17,Senior IT Security Analyst,08,17
17195,SHREE VALLABH,Male,08/22/17,System Admin,08,17
17198,PREKSHA U MESTHA,Female,09/04/17,TRAINEE SOFTWARE ENGINEER,09,17
17199,AMITHA R,Female,09/04/17,TRAINEE SOFTWARE ENGINEER,09,17
17200,CHETHAN KUMAR G N,Male,09/04/17,TRAINEE SOFTWARE ENGINEER,09,17
17201,DEEKSHITHA PRABHU,Female,09/04/17,TRAINEE SOFTWARE ENGINEER,09,17
17202,ANWESHA K,Male,09/04/17,TRAINEE SOFTWARE ENGINEER,09,17
17206,AKSHAY KUMAR P,Male,09/04/17,Trainee Graphic Designer,09,17
1012,VAMSI KRISHNA T,Male,09/20/17,JAVA CONSULTANT,09,17
1013,SARADA KIRAN,Female,10/05/17,,10,17
17207,N L SHWETHA,Female,10/04/17,Sr. Executive - Market Research,10,17
17208,CHANDRA PRAKASH MEHER,Male,10/12/17,Senior DevOps Engineer,10,17
17209,BHARAT KALYAN S,Male,10/23/17,SSE,10,17
17210,AMIT REDKAR,Male,10/23/17,Web Designer,10,17
17212,SANKAR KUMAR D,Male,11/06/17,Team Lead,11,17
17213,NATHIYA RAJENDRAN,Female,11/06/17,Tech Lead,11,17
