EmployeeId,EmployeeName,EmployeeCode,StringCode,NumericCode,Gender,CompanyId,DepartmentId,Designation,CategoryId,DOJ,DOR,DOC,EmployeeCodeInDevice,EmployeeRFIDNumber,EmployementType,Status,EmployeeDevicePassword,EmployeeDeviceGroup,FatherName,MotherName,ResidentialAddress,PermanentAddress,ContactNo,Email,DOB,PlaceOfBirth,Nomenee1,Nomenee2,Remarks,RecordStatus,C1,C2,C3,C4,C5,C6,C7,Location,BloodGroup,WorkPlace,ExtensionNo,LoginName,LoginPassword,Grade,Team,IsRecieveNotification,HolidayGroup,ShiftGroupId,LastModifiedBy,ShiftRotationMasterId,ReportTo,ShiftType,OfficialPhone,OfficialMobile,PersonaleMailID,UIDNo,PANNo,VoterIdNo,EffectiveFrom,ShiftPatternAssignedOn,MultiShiftGroupId,AndroidDeviceIMEINo,IsMarkAndroidWebAttendance,PushNotificationId,IsSendApproveDeclineSMS,IsSendPushNotification,EmployeeAddedFromService,BankAccountNumber,ModeOfPayment,ESINo,ESIDispensary,PFNo,SalaryStructureId
2,"MURALI MOHANA","Del_137",,137,"M",2,2,"SR MANAGER",1,"01/01/00 00:00:00","01/01/00 00:00:00","01/01/00 00:00:00","Del_137",,,"Working",,"1",,,,,,,"01/01/00 00:00:00",,,,,0,,,,,,,,"BANGALORE",,,,,,,,1,0.0000000000000000e+00,,,0,"0","Single Shift in a Day",,,,,,,,,,,,,,,,,,,,,
3,"EmployeeName","EployeeCode","EployeeCode",0,"Gender",3,3,"Designation",2,"01/01/00 00:00:00","01/01/00 00:00:00","01/01/00 00:00:00","DeviceCode",,"EmploymentType","Status",,"1","EmployeeName","DeviceCode","Company","Department","Location","Designation","01/01/00 00:00:00","Team","Category","EmploymentType","Gender",1,,,,,,,,"Location","DOJ",,,"LoginName","eVo3SLgs2ehC3QSgbEEBYA==","Grade","Team",1,0.0000000000000000e+00,,,0,"0","Single Shift in a Day",,,,"UIDNo","PANNo","VoterIdNo",,,,,,,,,,,,,,,
4,"DAMODAR P","Del_11001",,11001,"M",4,4,"CEO",1,"02/14/11 00:00:00","01/01/00 00:00:00","01/01/00 00:00:00","Del_",,,"Working",,"1","DAMODAR P",,"Mobinius Technologies Pvt Ltd","Management","Bangalore","CEO","01/01/00 00:00:00",,,,"M",0,,,,,,,,"Bangalore","14-02-2011",,,,,,,1,0.0000000000000000e+00,,,0,"0","Single Shift in a Day",,,,,,,,,,,,,,,,,,,,,
5,"LOKESHA M","Del_11002",,11002,"M",4,4,"COO",1,"02/14/11 00:00:00","01/01/00 00:00:00","01/01/00 00:00:00","Del_",,,"Working",,"1","LOKESHA M",,"Mobinius Technologies Pvt Ltd","Management","Bangalore","COO","01/01/00 00:00:00",,,,"M",0,,,,,,,,"Bangalore","14-02-2011",,,,,,,1,0.0000000000000000e+00,,,0,"0","Single Shift in a Day",,,,,,,,,,,,,,,,,,,,,
6,"KIRAN G K","Del_12009",,12009,"M",4,5,"SSE",1,"06/25/12 00:00:00","01/01/00 00:00:00","01/01/00 00:00:00","Del_",,,"Working",,"1","KIRAN G K",,"Mobinius Technologies Pvt Ltd","QA","Bangalore","SSE","01/01/00 00:00:00",,,,"M",0,,,,,,,,"Bangalore","25-06-2012",,,,,,,1,0.0000000000000000e+00,,,0,"0","Single Shift in a Day",,,,,,,,,,,,,,,,,,,,,
7,"SHRISHA BAYARI","Del_13020",,13020,"M",4,6,"SSE",1,"02/04/13 00:00:00","01/01/00 00:00:00","01/01/00 00:00:00","Del_",,,"Working",,"1","SHRISHA BAYARI",,"Mobinius Technologies Pvt Ltd","Web","Bangalore","SSE","01/01/00 00:00:00",,,,"M",0,,,,,,,,"Bangalore","04-02-2013",,,,,,,1,0.0000000000000000e+00,,,0,"0","Single Shift in a Day",,,,,,,,,,,,,,,,,,,,,
8,"KAVYA A H","Del_13024",,13024,"F",4,2,"HR Executive",1,"06/17/13 00:00:00","01/01/00 00:00:00","01/01/00 00:00:00","Del_",,,"Working",,"1","KAVYA A H",,"Mobinius Technologies Pvt Ltd","HR","Bangalore","HR Executive","01/01/00 00:00:00",,,,"F",0,,,,,,,,"Bangalore","17-06-2013",,,,,,,1,0.0000000000000000e+00,,,0,"0","Single Shift in a Day",,,,,,,,,,,,,,,,,,,,,
9,"P PRASANNA KUMAR","Del_13025",,13025,"M",4,7,"SSE",1,"07/25/13 00:00:00","01/01/00 00:00:00","01/01/00 00:00:00","Del_",,,"Working",,"1","P PRASANNA KUMAR",,"Mobinius Technologies Pvt Ltd","Android","Bangalore","SSE","01/01/00 00:00:00",,,,"M",0,,,,,,,,"Bangalore","25-07-2013",,,,,,,1,0.0000000000000000e+00,,,0,"0","Single Shift in a Day",,,,,,,,,,,,,,,,,,,,,
10,"SHARATH KUMAR T P","Del_13027",,13027,"M",4,4,"VP NEW BUSINESS",1,"09/01/13 00:00:00","01/01/00 00:00:00","01/01/00 00:00:00","Del_",,,"Working",,"1","SHARATH KUMAR T P",,"Mobinius Technologies Pvt Ltd","Management","Bangalore","VP NEW BUSINESS","01/01/00 00:00:00",,,,"M",0,,,,,,,,"Bangalore","01-09-2013",,,,,,,1,0.0000000000000000e+00,,,0,"0","Single Shift in a Day",,,,,,,,,,,,,,,,,,,,,
11,"ABHISHEK KUMAR","Del_13032",,13032,"M",4,7,"SSE",1,"10/01/13 00:00:00","01/01/00 00:00:00","01/01/00 00:00:00","Del_",,,"Working",,"1","ABHISHEK KUMAR",,"Mobinius Technologies Pvt Ltd","Android","Bangalore","SSE","01/01/00 00:00:00",,,,"M",0,,,,,,,,"Bangalore","01-10-2013",,,,,,,1,0.0000000000000000e+00,,,0,"0","Single Shift in a Day",,,,,,,,,,,,,,,,,,,,,
12,"PABITRA RANJAN SAHU","Del_13034",,13034,"M",4,8,"Team Lead",1,"10/10/13 00:00:00","01/01/00 00:00:00","01/01/00 00:00:00","Del_",,,"Working",,"1","PABITRA RANJAN SAHU",,"Mobinius Technologies Pvt Ltd","iOS","Bangalore","Team Lead","01/01/00 00:00:00",,,,"M",0,,,,,,,,"Bangalore","10-10-2013",,,,,,,1,0.0000000000000000e+00,,,0,"0","Single Shift in a Day",,,,,,,,,,,,,,,,,,,,,
13,"SANDEEP M P","Del_13036",,13036,"M",4,6,"SSE",1,"11/06/13 00:00:00","01/01/00 00:00:00","01/01/00 00:00:00","Del_",,,"Working",,"1","SANDEEP M P",,"Mobinius Technologies Pvt Ltd","Web","Bangalore","SSE","01/01/00 00:00:00",,,,"M",0,,,,,,,,"Bangalore","06-11-2013",,,,,,,1,0.0000000000000000e+00,,,0,"0","Single Shift in a Day",,,,,,,,,,,,,,,,,,,,,
14,"YOUSUFF KHAN","Del_14050",,14050,"M",4,6,"Software Engineer",1,"06/09/14 00:00:00","01/01/00 00:00:00","01/01/00 00:00:00","Del_",,,"Working",,"1","YOUSUFF KHAN",,"Mobinius Technologies Pvt Ltd","Web","Bangalore","Software Engineer","01/01/00 00:00:00",,,,"M",0,,,,,,,,"Bangalore","09-06-2014",,,,,,,1,0.0000000000000000e+00,,,0,"0","Single Shift in a Day",,,,,,,,,,,,,,,,,,,,,
15,"PREMRAJ","Del_14053",,14053,"M",4,7,"Software Engineer",1,"09/01/14 00:00:00","01/01/00 00:00:00","01/01/00 00:00:00","Del_",,,"Working",,"1","PREMRAJ",,"Mobinius Technologies Pvt Ltd","Android","Bangalore","Software Engineer","01/01/00 00:00:00",,,,"M",0,,,,,,,,"Bangalore","01-09-2014",,,,,,,1,0.0000000000000000e+00,,,0,"0","Single Shift in a Day",,,,,,,,,,,,,,,,,,,,,
16,"TRUPTI S","Del_14056",,14056,"F",4,7,"Software Engineer",1,"09/08/14 00:00:00","01/01/00 00:00:00","01/01/00 00:00:00","Del_",,,"Working",,"1","TRUPTI S",,"Mobinius Technologies Pvt Ltd","Android","Bangalore","Software Engineer","01/01/00 00:00:00",,,,"F",0,,,,,,,,"Bangalore","08-09-2014",,,,,,,1,0.0000000000000000e+00,,,0,"0","Single Shift in a Day",,,,,,,,,,,,,,,,,,,,,
17,"ZEBA KHATIB","Del_14057",,14057,"F",4,6,"SSE",1,"09/22/14 00:00:00","01/01/00 00:00:00","01/01/00 00:00:00","Del_",,,"Working",,"1","ZEBA KHATIB",,"Mobinius Technologies Pvt Ltd","Web","Bangalore","SSE","01/01/00 00:00:00",,,,"F",0,,,,,,,,"Bangalore","22-09-2014",,,,,,,1,0.0000000000000000e+00,,,0,"0","Single Shift in a Day",,,,,,,,,,,,,,,,,,,,,
18,"KIRAN M","Del_14062",,14062,"M",4,9,"Office Boy",1,"10/06/14 00:00:00","01/01/00 00:00:00","01/01/00 00:00:00","Del_",,,"Working",,"1","KIRAN M",,"Mobinius Technologies Pvt Ltd","Office admin","Bangalore","Office Boy","01/01/00 00:00:00",,,,"M",0,,,,,,,,"Bangalore","06-10-2014",,,,,,,1,0.0000000000000000e+00,,,0,"0","Single Shift in a Day",,,,,,,,,,,,,,,,,,,,,
19,"BRAJESH KUMAR","Del_14063",,14063,"M",4,10,"System Admin",1,"10/28/14 00:00:00","01/01/00 00:00:00","01/01/00 00:00:00","Del_",,,"Working",,"1","BRAJESH KUMAR",,"Mobinius Technologies Pvt Ltd","System admin","Bangalore","System Admin","01/01/00 00:00:00",,,,"M",0,,,,,,,,"Bangalore","28-10-2014",,,,,,,1,0.0000000000000000e+00,,,0,"0","Single Shift in a Day",,,,,,,,,,,,,,,,,,,,,
20,"BARNALI BHOWMIK","Del_14067",,14067,"F",4,7,"Software Engineer",1,"12/09/14 00:00:00","01/01/00 00:00:00","01/01/00 00:00:00","Del_",,,"Working",,"1","BARNALI BHOWMIK",,"Mobinius Technologies Pvt Ltd","Android","Bangalore","Software Engineer","01/01/00 00:00:00",,,,"F",0,,,,,,,,"Bangalore","09-12-2014",,,,,,,1,0.0000000000000000e+00,,,0,"0","Single Shift in a Day",,,,,,,,,,,,,,,,,,,,,
21,"MUKESH KUMAR MISHRA","Del_14069",,14069,"M",4,6,"Software Engineer",1,"12/16/14 00:00:00","01/01/00 00:00:00","01/01/00 00:00:00","Del_",,,"Working",,"1","MUKESH KUMAR MISHRA",,"Mobinius Technologies Pvt Ltd","Web","Bangalore","Software Engineer","01/01/00 00:00:00",,,,"M",0,,,,,,,,"Bangalore","16-12-2014",,,,,,,1,0.0000000000000000e+00,,,0,"0","Single Shift in a Day",,,,,,,,,,,,,,,,,,,,,
22,"MANJULA A","Del_15071",,15071,"F",4,2,"HR Manager",1,"02/23/15 00:00:00","01/01/00 00:00:00","01/01/00 00:00:00","Del_",,,"Working",,"1","MANJULA A",,"Mobinius Technologies Pvt Ltd","HR","Bangalore","HR Manager","01/01/00 00:00:00",,,,"F",0,,,,,,,,"Bangalore","23-02-2015",,,,,,,1,0.0000000000000000e+00,,,0,"0","Single Shift in a Day",,,,,,,,,,,,,,,,,,,,,
23,"SANJAY KUMAR S","Del_15072",,15072,"M",4,11,"Graphic Designer",1,"03/02/15 00:00:00","01/01/00 00:00:00","01/01/00 00:00:00","Del_",,,"Working",,"1","SANJAY KUMAR S",,"Mobinius Technologies Pvt Ltd","Design","Bangalore","Graphic Designer","01/01/00 00:00:00",,,,"M",0,,,,,,,,"Bangalore","02-03-2015",,,,,,,1,0.0000000000000000e+00,,,0,"0","Single Shift in a Day",,,,,,,,,,,,,,,,,,,,,
24,"JAGADISH A J","Del_15073",,15073,"M",4,6,"Software Engineer",1,"03/04/15 00:00:00","01/01/00 00:00:00","01/01/00 00:00:00","Del_",,,"Working",,"1","JAGADISH A J",,"Mobinius Technologies Pvt Ltd","Web","Bangalore","Software Engineer","01/01/00 00:00:00",,,,"M",0,,,,,,,,"Bangalore","04-03-2015",,,,,,,1,0.0000000000000000e+00,,,0,"0","Single Shift in a Day",,,,,,,,,,,,,,,,,,,,,
25,"DEEPAK HARIBHAV CHAPLE","Del_15074",,15074,"M",4,7,"SSE",1,"03/23/15 00:00:00","01/01/00 00:00:00","01/01/00 00:00:00","Del_",,,"Working",,"1","DEEPAK HARIBHAV CHAPLE",,"Mobinius Technologies Pvt Ltd","Android","Bangalore","SSE","01/01/00 00:00:00",,,,"M",0,,,,,,,,"Bangalore","23-03-2015",,,,,,,1,0.0000000000000000e+00,,,0,"0","Single Shift in a Day",,,,,,,,,,,,,,,,,,,,,
26,"KESAVAN R","Del_15077",,15077,"M",4,6,"Software Engineer",1,"04/01/15 00:00:00","01/01/00 00:00:00","01/01/00 00:00:00","Del_",,,"Working",,"1","KESAVAN R",,"Mobinius Technologies Pvt Ltd","Web","Bangalore","Software Engineer","01/01/00 00:00:00",,,,"M",0,,,,,,,,"Bangalore","01-04-2015",,,,,,,1,0.0000000000000000e+00,,,0,"0","Single Shift in a Day",,,,,,,,,,,,,,,,,,,,,
27,"SANTHOSH PAVALKODY","Del_15079",,15079,"M",4,6,"Software Engineer",1,"04/07/15 00:00:00","01/01/00 00:00:00","01/01/00 00:00:00","Del_",,,"Working",,"1","SANTHOSH PAVALKODY",,"Mobinius Technologies Pvt Ltd","Web","Bangalore","Software Engineer","01/01/00 00:00:00",,,,"M",0,,,,,,,,"Bangalore","07-04-2015",,,,,,,1,0.0000000000000000e+00,,,0,"0","Single Shift in a Day",,,,,,,,,,,,,,,,,,,,,
28,"RAJESH KASULA","Del_15081",,15081,"M",4,8,"Software Engineer",1,"04/13/15 00:00:00","01/01/00 00:00:00","01/01/00 00:00:00","Del_",,,"Working",,"1","RAJESH KASULA",,"Mobinius Technologies Pvt Ltd","iOS","Bangalore","Software Engineer","01/01/00 00:00:00",,,,"M",0,,,,,,,,"Bangalore","13-04-2015",,,,,,,1,0.0000000000000000e+00,,,0,"0","Single Shift in a Day",,,,,,,,,,,,,,,,,,,,,
29,"BHARGAV R K","Del_15083",,15083,"M",4,5,"Testing Engineer",1,"04/20/15 00:00:00","01/01/00 00:00:00","01/01/00 00:00:00","Del_",,,"Working",,"1","BHARGAV R K",,"Mobinius Technologies Pvt Ltd","QA","Bangalore","Testing Engineer","01/01/00 00:00:00",,,,"M",0,,,,,,,,"Bangalore","20-04-2015",,,,,,,1,0.0000000000000000e+00,,,0,"0","Single Shift in a Day",,,,,,,,,,,,,,,,,,,,,
30,"POONAM M SAYYAD","Del_15084",,15084,"F",4,5,"Testing Engineer",1,"04/20/15 00:00:00","01/01/00 00:00:00","01/01/00 00:00:00","Del_",,,"Working",,"1","POONAM M SAYYAD",,"Mobinius Technologies Pvt Ltd","QA","Bangalore","Testing Engineer","01/01/00 00:00:00",,,,"F",0,,,,,,,,"Bangalore","20-04-2015",,,,,,,1,0.0000000000000000e+00,,,0,"0","Single Shift in a Day",,,,,,,,,,,,,,,,,,,,,
31,"JESUDAS FERNANDES","Del_15085",,15085,"M",4,4,"VP Global Delivery",1,"04/27/15 00:00:00","01/01/00 00:00:00","01/01/00 00:00:00","Del_",,,"Working",,"1","JESUDAS FERNANDES",,"Mobinius Technologies Pvt Ltd","Management","Bangalore","VP Global Delivery","01/01/00 00:00:00",,,,"M",0,,,,,,,,"Bangalore","27-04-2015",,,,,,,1,0.0000000000000000e+00,,,0,"0","Single Shift in a Day",,,,,,,,,,,,,,,,,,,,,
32,"BISWAJEET ROUT","Del_15086",,15086,"M",4,11,"Graphics Designer",1,"05/21/15 00:00:00","01/01/00 00:00:00","01/01/00 00:00:00","Del_",,,"Working",,"1","BISWAJEET ROUT",,"Mobinius Technologies Pvt Ltd","Design","Bangalore","Graphics Designer","01/01/00 00:00:00",,,,"M",0,,,,,,,,"Bangalore","21-05-2015",,,,,,,1,0.0000000000000000e+00,,,0,"0","Single Shift in a Day",,,,,,,,,,,,,,,,,,,,,
33,"MANJUNATH P C","Del_15087",,15087,"M",4,11,"Sr GD",1,"05/26/15 00:00:00","01/01/00 00:00:00","01/01/00 00:00:00","Del_",,,"Working",,"1","MANJUNATH P C",,"Mobinius Technologies Pvt Ltd","Design","Bangalore","Sr GD","01/01/00 00:00:00",,,,"M",0,,,,,,,,"Bangalore","26-05-2015",,,,,,,1,0.0000000000000000e+00,,,0,"0","Single Shift in a Day",,,,,,,,,,,,,,,,,,,,,
34,"GANESH G SHANBHAG","Del_15091",,15091,"M",4,5,"Test Lead",1,"06/22/15 00:00:00","01/01/00 00:00:00","01/01/00 00:00:00","Del_",,,"Working",,"1","GANESH G SHANBHAG",,"Mobinius Technologies Pvt Ltd","QA","Bangalore","Test Lead","01/01/00 00:00:00",,,,"M",0,,,,,,,,"Bangalore","22-06-2015",,,,,,,1,0.0000000000000000e+00,,,0,"0","Single Shift in a Day",,,,,,,,,,,,,,,,,,,,,
35,"ANEESH D N","Del_15096",,15096,"M",4,6,"Tech Lead",1,"08/31/15 00:00:00","01/01/00 00:00:00","01/01/00 00:00:00","Del_",,,"Working",,"1","ANEESH D N",,"Mobinius Technologies Pvt Ltd","Web","Bangalore","Tech Lead","01/01/00 00:00:00",,,,"M",0,,,,,,,,"Bangalore","31-08-2015",,,,,,,1,0.0000000000000000e+00,,,0,"0","Single Shift in a Day",,,,,,,,,,,,,,,,,,,,,
36,"ADITHYA KESARLA","Del_15099",,15099,"M",4,8,"Software Engineer",1,"09/07/15 00:00:00","01/01/00 00:00:00","01/01/00 00:00:00","Del_",,,"Working",,"1","ADITHYA KESARLA",,"Mobinius Technologies Pvt Ltd","iOS","Bangalore","Software Engineer","01/01/00 00:00:00",,,,"M",0,,,,,,,,"Bangalore","07-09-2015",,,,,,,1,0.0000000000000000e+00,,,0,"0","Single Shift in a Day",,,,,,,,,,,,,,,,,,,,,
37,"VINIT DESAI","Del_15101",,15101,"F",4,6,"Software Engineer",1,"09/21/15 00:00:00","01/01/00 00:00:00","01/01/00 00:00:00","Del_",,,"Working",,"1","VINIT DESAI",,"Mobinius Technologies Pvt Ltd","Web","Bangalore","Software Engineer","01/01/00 00:00:00",,,,"F",0,,,,,,,,"Bangalore","21-09-2015",,,,,,,1,0.0000000000000000e+00,,,0,"0","Single Shift in a Day",,,,,,,,,,,,,,,,,,,,,
38,"NAGESH M CHANDAN","Del_15103",,15103,"M",4,8,"SSE",1,"10/05/15 00:00:00","01/01/00 00:00:00","01/01/00 00:00:00","Del_",,,"Working",,"1","NAGESH M CHANDAN",,"Mobinius Technologies Pvt Ltd","iOS","Bangalore","SSE","01/01/00 00:00:00",,,,"M",0,,,,,,,,"Bangalore","05-10-2015",,,,,,,1,0.0000000000000000e+00,,,0,"0","Single Shift in a Day",,,,,,,,,,,,,,,,,,,,,
39,"HARSHA JAGADISH","Del_15104",,15104,"M",4,6,"Tech Lead",1,"10/14/15 00:00:00","01/01/00 00:00:00","01/01/00 00:00:00","Del_",,,"Working",,"1","HARSHA JAGADISH",,"Mobinius Technologies Pvt Ltd","Web","Bangalore","Tech Lead","01/01/00 00:00:00",,,,"M",0,,,,,,,,"Bangalore","14-10-2015",,,,,,,1,0.0000000000000000e+00,,,0,"0","Single Shift in a Day",,,,,,,,,,,,,,,,,,,,,
40,"MUZAEED","Del_15105",,15105,"M",4,6,"Software Engineer",1,"11/23/15 00:00:00","01/01/00 00:00:00","01/01/00 00:00:00","Del_",,,"Working",,"1","MUZAEED",,"Mobinius Technologies Pvt Ltd","Web","Bangalore","Software Engineer","01/01/00 00:00:00",,,,"M",0,,,,,,,,"Bangalore","23-11-2015",,,,,,,1,0.0000000000000000e+00,,,0,"0","Single Shift in a Day",,,,,,,,,,,,,,,,,,,,,
41,"KAPA BRAHMANAIDU","Del_15107",,15107,"M",4,8,"Tech Lead",1,"12/07/15 00:00:00","01/01/00 00:00:00","01/01/00 00:00:00","Del_",,,"Working",,"1","KAPA BRAHMANAIDU",,"Mobinius Technologies Pvt Ltd","iOS","Bangalore","Tech Lead","01/01/00 00:00:00",,,,"M",0,,,,,,,,"Bangalore","07-12-2015",,,,,,,1,0.0000000000000000e+00,,,0,"0","Single Shift in a Day",,,,,,,,,,,,,,,,,,,,,
42,"SUSHMITHA B","Del_16109",,16109,"F",4,2,"Recruiter",1,"01/04/16 00:00:00","01/01/00 00:00:00","01/01/00 00:00:00","Del_",,,"Working",,"1","SUSHMITHA B",,"Mobinius Technologies Pvt Ltd","HR","Bangalore","Recruiter","01/01/00 00:00:00",,,,"F",0,,,,,,,,"Bangalore","04-01-2016",,,,,,,1,0.0000000000000000e+00,,,0,"0","Single Shift in a Day",,,,,,,,,,,,,,,,,,,,,
43,"ROBIN MANDANGADA","Del_16110",,16110,"M",4,6,"Project Manager",1,"01/25/16 00:00:00","01/01/00 00:00:00","01/01/00 00:00:00","Del_",,,"Working",,"1","ROBIN MANDANGADA",,"Mobinius Technologies Pvt Ltd","Web","Bangalore","Project Manager","01/01/00 00:00:00",,,,"M",0,,,,,,,,"Bangalore","25-01-2016",,,,,,,1,0.0000000000000000e+00,,,0,"0","Single Shift in a Day",,,,,,,,,,,,,,,,,,,,,
44,"BHAGAVATHI KIRAN P","Del_16114",,16114,"M",4,12,"Acc Executive",1,"02/08/16 00:00:00","01/01/00 00:00:00","01/01/00 00:00:00","Del_",,,"Working",,"1","BHAGAVATHI KIRAN P",,"Mobinius Technologies Pvt Ltd","Finance","Bangalore","Acc Executive","01/01/00 00:00:00",,,,"M",0,,,,,,,,"Bangalore","08-02-2016",,,,,,,1,0.0000000000000000e+00,,,0,"0","Single Shift in a Day",,,,,,,,,,,,,,,,,,,,,
45,"SHASHIDHAR K V","Del_16115",,16115,"M",4,6,"Software Engineer",1,"02/17/16 00:00:00","01/01/00 00:00:00","01/01/00 00:00:00","Del_",,,"Working",,"1","SHASHIDHAR K V",,"Mobinius Technologies Pvt Ltd","Web","Bangalore","Software Engineer","01/01/00 00:00:00",,,,"M",0,,,,,,,,"Bangalore","17-02-2016",,,,,,,1,0.0000000000000000e+00,,,0,"0","Single Shift in a Day",,,,,,,,,,,,,,,,,,,,,
46,"VAMSHI KRISHAN GP","Del_16116",,16116,"M",4,10,"Syst Admin",1,"02/18/16 00:00:00","01/01/00 00:00:00","01/01/00 00:00:00","Del_",,,"Working",,"1","VAMSHI KRISHAN GP",,"Mobinius Technologies Pvt Ltd","System admin","Bangalore","Syst Admin","01/01/00 00:00:00",,,,"M",0,,,,,,,,"Bangalore","18-02-2016",,,,,,,1,0.0000000000000000e+00,,,0,"0","Single Shift in a Day",,,,,,,,,,,,,,,,,,,,,
47,"AMRITA KUMARI","Del_16119",,16119,"F",4,6,"Software Engineer",1,"03/16/16 00:00:00","01/01/00 00:00:00","01/01/00 00:00:00","Del_",,,"Working",,"1","AMRITA KUMARI",,"Mobinius Technologies Pvt Ltd","Web","Bangalore","Software Engineer","01/01/00 00:00:00",,,,"F",0,,,,,,,,"Bangalore","16-03-2016",,,,,,,1,0.0000000000000000e+00,,,0,"0","Single Shift in a Day",,,,,,,,,,,,,,,,,,,,,
48,"PRAJNA MP","Del_16121",,16121,"F",4,7,"Software Engineer",1,"03/21/16 00:00:00","01/01/00 00:00:00","01/01/00 00:00:00","Del_",,,"Working",,"1","PRAJNA MP",,"Mobinius Technologies Pvt Ltd","Android","Bangalore","Software Engineer","01/01/00 00:00:00",,,,"F",0,,,,,,,,"Bangalore","21-03-2016",,,,,,,1,0.0000000000000000e+00,,,0,"0","Single Shift in a Day",,,,,,,,,,,,,,,,,,,,,
49,"SHREESHA BHAT H","Del_16123",,16123,"M",4,6,"Software Engineer",1,"04/04/16 00:00:00","01/01/00 00:00:00","01/01/00 00:00:00","Del_",,,"Working",,"1","SHREESHA BHAT H",,"Mobinius Technologies Pvt Ltd","Web","Bangalore","Software Engineer","01/01/00 00:00:00",,,,"M",0,,,,,,,,"Bangalore","04-04-2016",,,,,,,1,0.0000000000000000e+00,,,0,"0","Single Shift in a Day",,,,,,,,,,,,,,,,,,,,,
50,"ABHIJITH KUMAR","Del_16124",,16124,"M",4,6,"Software Engineer",1,"04/04/16 00:00:00","01/01/00 00:00:00","01/01/00 00:00:00","Del_",,,"Working",,"1","ABHIJITH KUMAR",,"Mobinius Technologies Pvt Ltd","Web","Bangalore","Software Engineer","01/01/00 00:00:00",,,,"M",0,,,,,,,,"Bangalore","04-04-2016",,,,,,,1,0.0000000000000000e+00,,,0,"0","Single Shift in a Day",,,,,,,,,,,,,,,,,,,,,
51,"SUNIL CJ","Del_16126",,16126,"M",4,6,"SSE",1,"04/25/16 00:00:00","01/01/00 00:00:00","01/01/00 00:00:00","Del_",,,"Working",,"1","SUNIL CJ",,"Mobinius Technologies Pvt Ltd","Web","Bangalore","SSE","01/01/00 00:00:00",,,,"M",0,,,,,,,,"Bangalore","25-04-2016",,,,,,,1,0.0000000000000000e+00,,,0,"0","Single Shift in a Day",,,,,,,,,,,,,,,,,,,,,
52,"BHUVANESH R","Del_16127",,16127,"M",4,13,"Recruiter",1,"05/17/16 00:00:00","01/01/00 00:00:00","01/01/00 00:00:00","Del_",,,"Working",,"1","BHUVANESH R",,"Mobinius Technologies Pvt Ltd","Recruitment","Bangalore","Recruiter","01/01/00 00:00:00",,,,"M",0,,,,,,,,"Bangalore","17-05-2016",,,,,,,1,0.0000000000000000e+00,,,0,"0","Single Shift in a Day",,,,,,,,,,,,,,,,,,,,,
53,"DEVI R","Del_16130",,16130,"F",4,7,"Software Engineer",1,"06/13/16 00:00:00","01/01/00 00:00:00","01/01/00 00:00:00","Del_",,,"Working",,"1","DEVI R",,"Mobinius Technologies Pvt Ltd","Android","Bangalore","Software Engineer","01/01/00 00:00:00",,,,"F",0,,,,,,,,"Bangalore","13-06-2016",,,,,,,1,0.0000000000000000e+00,,,0,"0","Single Shift in a Day",,,,,,,,,,,,,,,,,,,,,
54,"KASHYAP RAI K","Del_16131",,16131,"M",4,6,"Software Engineer",1,"06/20/16 00:00:00","01/01/00 00:00:00","01/01/00 00:00:00","Del_",,,"Working",,"1","KASHYAP RAI K",,"Mobinius Technologies Pvt Ltd","Web","Bangalore","Software Engineer","01/01/00 00:00:00",,,,"M",0,,,,,,,,"Bangalore","20-06-2016",,,,,,,1,0.0000000000000000e+00,,,0,"0","Single Shift in a Day",,,,,,,,,,,,,,,,,,,,,
55,"GAURAV RAO K","Del_16132",,16132,"M",4,6,"Software Engineer",1,"06/20/16 00:00:00","01/01/00 00:00:00","01/01/00 00:00:00","Del_",,,"Working",,"1","GAURAV RAO K",,"Mobinius Technologies Pvt Ltd","Web","Bangalore","Software Engineer","01/01/00 00:00:00",,,,"M",0,,,,,,,,"Bangalore","20-06-2016",,,,,,,1,0.0000000000000000e+00,,,0,"0","Single Shift in a Day",,,,,,,,,,,,,,,,,,,,,
56,"KEERTHI GANESH KP","Del_16133",,16133,"M",4,7,"Software Engineer",1,"06/20/16 00:00:00","01/01/00 00:00:00","01/01/00 00:00:00","Del_",,,"Working",,"1","KEERTHI GANESH KP",,"Mobinius Technologies Pvt Ltd","Android","Bangalore","Software Engineer","01/01/00 00:00:00",,,,"M",0,,,,,,,,"Bangalore","20-06-2016",,,,,,,1,0.0000000000000000e+00,,,0,"0","Single Shift in a Day",,,,,,,,,,,,,,,,,,,,,
57,"NIREEKSHITHA C","Del_16134",,16134,"F",4,6,"Software Engineer",1,"06/20/16 00:00:00","01/01/00 00:00:00","01/01/00 00:00:00","Del_",,,"Working",,"1","NIREEKSHITHA C",,"Mobinius Technologies Pvt Ltd","Web","Bangalore","Software Engineer","01/01/00 00:00:00",,,,"F",0,,,,,,,,"Bangalore","20-06-2016",,,,,,,1,0.0000000000000000e+00,,,0,"0","Single Shift in a Day",,,,,,,,,,,,,,,,,,,,,
58,"CHAITHRA TS","Del_16135",,16135,"F",4,8,"Software Engineer",1,"06/20/16 00:00:00","01/01/00 00:00:00","01/01/00 00:00:00","Del_",,,"Working",,"1","CHAITHRA TS",,"Mobinius Technologies Pvt Ltd","iOS","Bangalore","Software Engineer","01/01/00 00:00:00",,,,"F",0,,,,,,,,"Bangalore","20-06-2016",,,,,,,1,0.0000000000000000e+00,,,0,"0","Single Shift in a Day",,,,,,,,,,,,,,,,,,,,,
59,"MURALI MOHANA M","Del_16137",,16137,"M",4,2,"Senior HR Managar",1,"06/27/16 00:00:00","01/01/00 00:00:00","01/01/00 00:00:00","Del_",,,"Working",,"1","MURALI MOHANA M",,"Mobinius Technologies Pvt Ltd","HR","Bangalore","Senior HR Managar","01/01/00 00:00:00",,,,"M",0,,,,,,,,"Bangalore","27-06-2016",,,,,,,1,0.0000000000000000e+00,,,0,"0","Single Shift in a Day",,,,,,,,,,,,,,,,,,,,,
60,"SUCHETHA K S","Del_16138",,16138,"F",4,14,"Sales Executive",1,"07/04/16 00:00:00","01/01/00 00:00:00","01/01/00 00:00:00","Del_",,,"Working",,"1","SUCHETHA K S",,"Mobinius Technologies Pvt Ltd","Sales","Bangalore","Sales Executive","01/01/00 00:00:00",,,,"F",0,,,,,,,,"Bangalore","04-07-2016",,,,,,,1,0.0000000000000000e+00,,,0,"0","Single Shift in a Day",,,,,,,,,,,,,,,,,,,,,
61,"LAVANYA B R","Del_16143",,16143,"F",4,8,"Software Engineer",1,"07/18/16 00:00:00","01/01/00 00:00:00","01/01/00 00:00:00","Del_",,,"Working",,"1","LAVANYA B R",,"Mobinius Technologies Pvt Ltd","iOS","Bangalore","Software Engineer","01/01/00 00:00:00",,,,"F",0,,,,,,,,"Bangalore","18-07-2016",,,,,,,1,0.0000000000000000e+00,,,0,"0","Single Shift in a Day",,,,,,,,,,,,,,,,,,,,,
62,"BHUBALA K","Del_16144",,16144,"F",4,8,"Software Engineer",1,"07/21/16 00:00:00","01/01/00 00:00:00","01/01/00 00:00:00","Del_",,,"Working",,"1","BHUBALA K",,"Mobinius Technologies Pvt Ltd","iOS","Bangalore","Software Engineer","01/01/00 00:00:00",,,,"F",0,,,,,,,,"Bangalore","21-07-2016",,,,,,,1,0.0000000000000000e+00,,,0,"0","Single Shift in a Day",,,,,,,,,,,,,,,,,,,,,
63,"TAMIL SELVAN R","Del_16145",,16145,"M",4,8,"Software Engineer",1,"07/27/16 00:00:00","01/01/00 00:00:00","01/01/00 00:00:00","Del_",,,"Working",,"1","TAMIL SELVAN R",,"Mobinius Technologies Pvt Ltd","iOS","Bangalore","Software Engineer","01/01/00 00:00:00",,,,"M",0,,,,,,,,"Bangalore","27-07-2016",,,,,,,1,0.0000000000000000e+00,,,0,"0","Single Shift in a Day",,,,,,,,,,,,,,,,,,,,,
64,"VISHWAVIJET N B","Del_16148",,16148,"M",4,8,"SSE",1,"08/08/16 00:00:00","01/01/00 00:00:00","01/01/00 00:00:00","Del_",,,"Working",,"1","VISHWAVIJET N B",,"Mobinius Technologies Pvt Ltd","iOS","Bangalore","SSE","01/01/00 00:00:00",,,,"M",0,,,,,,,,"Bangalore","08-08-2016",,,,,,,1,0.0000000000000000e+00,,,0,"0","Single Shift in a Day",,,,,,,,,,,,,,,,,,,,,
65,"JASIR VALIYA VALAPPIL","Del_16150",,16150,"M",4,6,"Software Engineer",1,"09/21/16 00:00:00","01/01/00 00:00:00","01/01/00 00:00:00","Del_",,,"Working",,"1","JASIR VALIYA VALAPPIL",,"Mobinius Technologies Pvt Ltd","Web","Bangalore","Software Engineer","01/01/00 00:00:00",,,,"M",0,,,,,,,,"Bangalore","21-09-2016",,,,,,,1,0.0000000000000000e+00,,,0,"0","Single Shift in a Day",,,,,,,,,,,,,,,,,,,,,
66,"NISHMITHA K SHENOY","Del_16151",,16151,"F",4,5,"TTE",1,"09/26/16 00:00:00","01/01/00 00:00:00","01/01/00 00:00:00","Del_",,,"Working",,"1","NISHMITHA K SHENOY",,"Mobinius Technologies Pvt Ltd","QA","Bangalore","TTE","01/01/00 00:00:00",,,,"F",0,,,,,,,,"Bangalore","26-09-2016",,,,,,,1,0.0000000000000000e+00,,,0,"0","Single Shift in a Day",,,,,,,,,,,,,,,,,,,,,
67,"SWETHA M","Del_16152",,16152,"F",4,5,"TTE",1,"09/26/16 00:00:00","01/01/00 00:00:00","01/01/00 00:00:00","Del_",,,"Working",,"1","SWETHA M",,"Mobinius Technologies Pvt Ltd","QA","Bangalore","TTE","01/01/00 00:00:00",,,,"F",0,,,,,,,,"Bangalore","26-09-2016",,,,,,,1,0.0000000000000000e+00,,,0,"0","Single Shift in a Day",,,,,,,,,,,,,,,,,,,,,
68,"SANJAY BOL","Del_16154",,16154,"M",4,15,"Project Manager",1,"11/28/16 00:00:00","01/01/00 00:00:00","01/01/00 00:00:00","Del_",,,"Working",,"1","SANJAY BOL",,"Mobinius Technologies Pvt Ltd","Lead","Bangalore","Project Manager","01/01/00 00:00:00",,,,"M",0,,,,,,,,"Bangalore","28-11-2016",,,,,,,1,0.0000000000000000e+00,,,0,"0","Single Shift in a Day",,,,,,,,,,,,,,,,,,,,,
69,"RAMJI R","Del_16155",,16155,"M",4,6,"Tech Lead",1,"11/28/16 00:00:00","01/01/00 00:00:00","01/01/00 00:00:00","Del_",,,"Working",,"1","RAMJI R",,"Mobinius Technologies Pvt Ltd","Web","Bangalore","Tech Lead","01/01/00 00:00:00",,,,"M",0,,,,,,,,"Bangalore","28-11-2016",,,,,,,1,0.0000000000000000e+00,,,0,"0","Single Shift in a Day",,,,,,,,,,,,,,,,,,,,,
70,"MANISANKAR R","Del_16156",,16156,"M",4,6,"Software Engineer",1,"11/28/16 00:00:00","01/01/00 00:00:00","01/01/00 00:00:00","Del_",,,"Working",,"1","MANISANKAR R",,"Mobinius Technologies Pvt Ltd","Web","Bangalore","Software Engineer","01/01/00 00:00:00",,,,"M",0,,,,,,,,"Bangalore","28-11-2016",,,,,,,1,0.0000000000000000e+00,,,0,"0","Single Shift in a Day",,,,,,,,,,,,,,,,,,,,,
71,"SAKTHIVEL K","Del_16157",,16157,"M",4,6,"Tech Lead",1,"11/30/16 00:00:00","01/01/00 00:00:00","01/01/00 00:00:00","Del_",,,"Working",,"1","SAKTHIVEL K",,"Mobinius Technologies Pvt Ltd","Web","Bangalore","Tech Lead","01/01/00 00:00:00",,,,"M",0,,,,,,,,"Bangalore","30-11-2016",,,,,,,1,0.0000000000000000e+00,,,0,"0","Single Shift in a Day",,,,,,,,,,,,,,,,,,,,,
72,"SHAIK MOHAMMED RAIHAN","Del_16158",,16158,"M",4,5,"Testing Engineer",1,"12/14/16 00:00:00","01/01/00 00:00:00","01/01/00 00:00:00","Del_",,,"Working",,"1","SHAIK MOHAMMED RAIHAN",,"Mobinius Technologies Pvt Ltd","QA","Bangalore","Testing Engineer","01/01/00 00:00:00",,,,"M",0,,,,,,,,"Bangalore","14-12-2016",,,,,,,1,0.0000000000000000e+00,,,0,"0","Single Shift in a Day",,,,,,,,,,,,,,,,,,,,,
73,"P K BINGYAPITA ROUT","Del_16159",,16159,"F",4,6,"SSE",1,"12/21/16 00:00:00","01/01/00 00:00:00","01/01/00 00:00:00","Del_",,,"Working",,"1","P K BINGYAPITA ROUT",,"Mobinius Technologies Pvt Ltd","Web","Bangalore","SSE","01/01/00 00:00:00",,,,"F",0,,,,,,,,"Bangalore","21-12-2016",,,,,,,1,0.0000000000000000e+00,,,0,"0","Single Shift in a Day",,,,,,,,,,,,,,,,,,,,,
74,"SHIVANI GAUTAM","Del_16160",,16160,"F",4,6,"SSE",1,"12/26/16 00:00:00","01/01/00 00:00:00","01/01/00 00:00:00","Del_",,,"Working",,"1","SHIVANI GAUTAM",,"Mobinius Technologies Pvt Ltd","Web","Bangalore","SSE","01/01/00 00:00:00",,,,"F",0,,,,,,,,"Bangalore","26-12-2016",,,,,,,1,0.0000000000000000e+00,,,0,"0","Single Shift in a Day",,,,,,,,,,,,,,,,,,,,,
75,"PRANAYA MOHANTY","Del_17161",,17161,"M",4,14,"BDE",1,"01/02/17 00:00:00","01/01/00 00:00:00","01/01/00 00:00:00","Del_",,,"Working",,"1","PRANAYA MOHANTY",,"Mobinius Technologies Pvt Ltd","Sales","Bangalore","BDE","01/01/00 00:00:00",,,,"M",0,,,,,,,,"Bangalore","02-01-2017",,,,,,,1,0.0000000000000000e+00,,,0,"0","Single Shift in a Day",,,,,,,,,,,,,,,,,,,,,
76,"KAVITHA GUMASHTA","Del_17162",,17162,"F",4,16,"Mktg Comm Specialist",1,"01/03/17 00:00:00","01/01/00 00:00:00","01/01/00 00:00:00","Del_",,,"Working",,"1","KAVITHA GUMASHTA",,"Mobinius Technologies Pvt Ltd","Marketing","Bangalore","Mktg Comm Specialist","01/01/00 00:00:00",,,,"F",0,,,,,,,,"Bangalore","03-01-2017",,,,,,,1,0.0000000000000000e+00,,,0,"0","Single Shift in a Day",,,,,,,,,,,,,,,,,,,,,
77,"MANOJ KUMAR REDDY C","Del_17163",,17163,"M",4,11,"Graphic Designer",1,"01/24/17 00:00:00","01/01/00 00:00:00","01/01/00 00:00:00","Del_",,,"Working",,"1","MANOJ KUMAR REDDY C",,"Mobinius Technologies Pvt Ltd","Design","Bangalore","Graphic Designer","01/01/00 00:00:00",,,,"M",0,,,,,,,,"Bangalore","24-01-2017",,,,,,,1,0.0000000000000000e+00,,,0,"0","Single Shift in a Day",,,,,,,,,,,,,,,,,,,,,
78,"1100","Del_1100",,1100,"Male",1,1,,1,"01/01/00 00:00:00","01/01/00 00:00:00","01/01/00 00:00:00","Del_1100",,"Permanent","Working",,"1",,,,,,,"01/01/00 00:00:00",,,,,0,,,,,,,,,,,,,,,,1,,,,0,"0","Single Shift in a Day",,,,,,,,,,,,,,,,,,,,,
79,"111","Del_111",,111,"Male",1,1,,1,"01/01/00 00:00:00","01/01/00 00:00:00","01/01/00 00:00:00","Del_111",,"Permanent","Working",,"1",,,,,,,"01/01/00 00:00:00",,,,,0,,,,,,,,,,,,,,,,1,,,,0,"0","Single Shift in a Day",,,,,,,,,,,,,,,,,,,,,
80,"MURALI MOHANA M","16137",,16137,"Male",4,2,"Senior HR Managar",1,"06/27/16 00:00:00","01/01/00 00:00:00","09/27/16 00:00:00","16137",,"Permanent","Working",,"1",,,,,,,"01/01/00 00:00:00",,,,,1,,,,,,,,"Bangalore",,,,,"h0/SYTaqgJ0=",,,1,0.0000000000000000e+00,0.0000000000000000e+00,,0,"0","Single Shift in a Day",,,,,,,"01/01/00 00:00:00",,0.0000000000000000e+00,,,,,,,,,,,,
81,"13024","Del_13024",,13024,"Male",1,1,,1,"01/01/00 00:00:00","01/01/00 00:00:00","01/01/00 00:00:00","Del_13024",,"Permanent","Working",,"1",,,,,,,"01/01/00 00:00:00",,,,,0,,,,,,,,,,,,,,,,1,,,,0,"0","Single Shift in a Day",,,,,,,,,,,,,,,,,,,,,
82,"1100","1100",,1100,"Male",1,1,,1,"01/01/00 00:00:00","01/01/00 00:00:00","01/01/00 00:00:00","1100",,"Permanent","Working",,"1",,,,,,,"01/01/00 00:00:00",,,,,1,,,,,,,,,,,,,,,,1,,,,0,"0","Single Shift in a Day",,,,,,,,,,,,,,,,,,,,,
83,"111","Del_111",,111,"Male",1,1,,1,"01/01/00 00:00:00","01/01/00 00:00:00","01/01/00 00:00:00","Del_111",,"Permanent","Working",,"1",,,,,,,"01/01/00 00:00:00",,,,,0,,,,,,,,,,,,,,,,1,,,,0,"0","Single Shift in a Day",,,,,,,,,,,,,,,,,,,,,
84,"KAVYA A H","13024",,13024,"Female",4,2,"HR Executive",1,"06/17/13 00:00:00","01/01/00 00:00:00","09/17/13 00:00:00","13024",,"Permanent","Working",,"1",,,,,,,"01/01/00 00:00:00",,,,,1,,,,,,,,"Bangalore",,,,,"h0/SYTaqgJ0=",,,1,0.0000000000000000e+00,0.0000000000000000e+00,,0,"0","Single Shift in a Day",,,,,,,"01/01/00 00:00:00",,0.0000000000000000e+00,,,,,,,,,,,,
85,"KIRAN G K","12009",,12009,"Male",4,5,"SSE",1,"06/25/12 00:00:00","01/01/00 00:00:00","09/25/12 00:00:00","12009",,"Permanent","Working",,"1",,,,,,,"01/01/00 00:00:00",,,,,1,,,,,,,,"Bangalore",,,,,"h0/SYTaqgJ0=",,,1,0.0000000000000000e+00,0.0000000000000000e+00,,0,"0","Single Shift in a Day",,,,,,,"01/01/00 00:00:00",,0.0000000000000000e+00,,,,,,,,,,,,
86,"11001","Del_11001",,11001,"Male",1,1,,1,"01/01/00 00:00:00","01/01/00 00:00:00","01/01/00 00:00:00","Del_11001",,"Permanent","Working",,"1",,,,,,,"01/01/00 00:00:00",,,,,0,,,,,,,,,,,,,,,,1,,,,0,"0","Single Shift in a Day",,,,,,,,,,,,,,,,,,,,,
87,"LOKESHA M","11002",,11002,"Male",4,4,"COO",1,"02/14/11 00:00:00","01/01/00 00:00:00","05/14/11 00:00:00","11002",,"Permanent","Working",,"1",,,,,,,"01/01/00 00:00:00",,,,,1,,,,,,,,"Bangalore",,,,,"h0/SYTaqgJ0=",,,1,0.0000000000000000e+00,0.0000000000000000e+00,,0,"0","Single Shift in a Day",,,,,,,"01/01/00 00:00:00",,0.0000000000000000e+00,,,,,,,,,,,,
88,"SHARATH KUMAR T P","13027",,13027,"Male",4,4,"VP NEW BUSINESS",1,"09/01/13 00:00:00","01/01/00 00:00:00","11/30/13 00:00:00","13027",,"Permanent","Working",,"1",,,,,,,"01/01/00 00:00:00",,,,,1,,,,,,,,"Bangalore",,,,,"h0/SYTaqgJ0=",,,1,0.0000000000000000e+00,0.0000000000000000e+00,,0,"0","Single Shift in a Day",,,,,,,"01/01/00 00:00:00",,0.0000000000000000e+00,,,,,,,,,,,,
89,"ABHISHEK KUMAR","Del_13032",,13032,"Male",4,7,"SSE",1,"10/01/13 00:00:00","01/01/00 00:00:00","12/31/13 00:00:00","Del_13032",,"Permanent","Working",,"1",,,,,,,"01/01/00 00:00:00",,,,,0,,,,,,,,"Bangalore",,,,,"h0/SYTaqgJ0=",,,1,0.0000000000000000e+00,0.0000000000000000e+00,,0,"0","Single Shift in a Day",,,,,,,"01/01/00 00:00:00",,0.0000000000000000e+00,,,,,,,,,,,,
90,"KEERTHI GANESH K P","16133",,16133,"Male",4,7,"Software Engineer",1,"06/20/16 00:00:00","01/01/00 00:00:00","12/20/16 00:00:00","16133",,"Permanent","Working",,"1",,,,,,,"01/01/00 00:00:00",,,,,1,,,,,,,,"Bangalore",,,,,"h0/SYTaqgJ0=",,,1,0.0000000000000000e+00,0.0000000000000000e+00,,0,"0","Single Shift in a Day",,,,,,,"01/01/00 00:00:00",,0.0000000000000000e+00,,,,,,,,,,,,
91,"VISITOR","101",,101,"Male",4,6,"VISITOR",1,"06/27/17 00:00:00","01/01/00 00:00:00","09/27/17 00:00:00","101",,"Permanent","Working",,"1",,,,,,,"01/01/00 00:00:00",,,,,1,,,,,,,,"Bangalore",,,,,"h0/SYTaqgJ0=",,,1,0.0000000000000000e+00,0.0000000000000000e+00,,0,"0","Single Shift in a Day",,,,,,,"01/01/00 00:00:00",,0.0000000000000000e+00,,,,,,,,,,,,
92,"13025","Del_13025",,13025,"Male",4,7,"SSE",1,"07/25/13 00:00:00","01/01/00 00:00:00","10/25/13 00:00:00","Del_13025",,"Permanent","Working",,"1",,,,,,,"01/01/00 00:00:00",,,,,0,,,,,,,,"Bangalore",,,,,"h0/SYTaqgJ0=",,,1,0.0000000000000000e+00,0.0000000000000000e+00,,0,"0","Single Shift in a Day",,,,,,,"01/01/00 00:00:00",,0.0000000000000000e+00,,,,,,,,,,,,
93,"PABITRA RANJAN SAHU","13034",,13034,"Male",4,8,"Team Lead",1,"10/10/13 00:00:00","01/01/00 00:00:00","01/10/14 00:00:00","13034",,"Permanent","Working",,"1",,,,,,,"01/01/00 00:00:00",,,,,1,,,,,,,,"Bangalore",,,,,"h0/SYTaqgJ0=",,,1,0.0000000000000000e+00,0.0000000000000000e+00,,0,"0","Single Shift in a Day",,,,,,,"01/01/00 00:00:00",,0.0000000000000000e+00,,,,,,,,,,,,
94,"SANDEEP M P","13036",,13036,"Male",4,6,"SSE",1,"11/06/13 00:00:00","01/01/00 00:00:00","02/06/14 00:00:00","13036",,"Permanent","Working",,"1",,,,,,,"01/01/00 00:00:00",,,,,1,,,,,,,,"Bangalore",,,,,"h0/SYTaqgJ0=",,,1,0.0000000000000000e+00,0.0000000000000000e+00,,0,"0","Single Shift in a Day",,,,,,,"01/01/00 00:00:00",,0.0000000000000000e+00,,,,,,,,,,,,
95,"YOUSUFF KHAN","14050",,14050,"Male",4,6,"Software Engineer",1,"06/09/14 00:00:00","01/01/00 00:00:00","09/09/14 00:00:00","14050",,"Permanent","Working",,"1",,,,,,,"01/01/00 00:00:00",,,,,1,,,,,,,,"Bangalore",,,,,"h0/SYTaqgJ0=",,,1,0.0000000000000000e+00,0.0000000000000000e+00,,0,"0","Single Shift in a Day",,,,,,,"01/01/00 00:00:00",,0.0000000000000000e+00,,,,,,,,,,,,
96,"PREMRAJ","Del_14053",,14053,"Male",4,7,"Software Engineer",1,"09/01/14 00:00:00","01/01/00 00:00:00","11/30/14 00:00:00","Del_14053",,"Permanent","Working",,"1",,,,,,,"01/01/00 00:00:00",,,,,0,,,,,,,,"Bangalore",,,,,"h0/SYTaqgJ0=",,,1,0.0000000000000000e+00,0.0000000000000000e+00,,0,"0","Single Shift in a Day",,,,,,,"01/01/00 00:00:00",,0.0000000000000000e+00,,,,,,,,,,,,
97,"TRUPTI S","Del_14056",,14056,"Female",4,7,"Software Engineer",1,"09/08/14 00:00:00","01/01/00 00:00:00","12/08/14 00:00:00","Del_14056",,"Permanent","Working",,"1",,,,,,,"01/01/00 00:00:00",,,,,0,,,,,,,,"Bangalore",,,,,"h0/SYTaqgJ0=",,,1,0.0000000000000000e+00,0.0000000000000000e+00,,0,"0","Single Shift in a Day",,,,,,,"01/01/00 00:00:00",,0.0000000000000000e+00,,,,,,,,,,,,
98,"ZEBA KHATIB","14057",,14057,"Female",4,6,"SSE",1,"09/22/14 00:00:00","01/01/00 00:00:00","12/22/14 00:00:00","14057",,"Permanent","Working",,"1",,,,,,,"01/01/00 00:00:00",,,,,1,,,,,,,,"Bangalore",,,,,"h0/SYTaqgJ0=",,,1,0.0000000000000000e+00,0.0000000000000000e+00,,0,"0","Single Shift in a Day",,,,,,,"01/01/00 00:00:00",,0.0000000000000000e+00,,,,,,,,,,,,
99,"KIRAN M","14062",,14062,"Male",4,2,"Office Boy",1,"10/06/14 00:00:00","01/01/00 00:00:00","01/06/15 00:00:00","14062",,"Permanent","Working",,"1",,,,,,,"01/01/00 00:00:00",,,,,1,,,,,,,,"Bangalore",,,,,"h0/SYTaqgJ0=",,,1,0.0000000000000000e+00,0.0000000000000000e+00,,0,"0","Single Shift in a Day",,,,,,,"01/01/00 00:00:00",,0.0000000000000000e+00,,,,,,,,,,,,
100,"BRAJESH KUMAR","Del_14063",,14063,"Male",4,10,"Syst Admin",1,"10/28/14 00:00:00","01/01/00 00:00:00","01/28/15 00:00:00","Del_14063",,"Permanent","Working",,"1",,,,,,,"01/01/00 00:00:00",,,,,0,,,,,,,,"Bangalore",,,,,"h0/SYTaqgJ0=",,,1,0.0000000000000000e+00,0.0000000000000000e+00,,0,"0","Single Shift in a Day",,,,,,,"01/01/00 00:00:00",,0.0000000000000000e+00,,,,,,,,,,,,
101,"BARNALI BHOWMIK","14067",,14067,"Female",4,7,"Software Engineer",1,"12/09/14 00:00:00","01/01/00 00:00:00","03/09/15 00:00:00","14067",,"Permanent","Working",,"1",,,,,,,"01/01/00 00:00:00",,,,,1,,,,,,,,"Bangalore",,,,,"h0/SYTaqgJ0=",,,1,0.0000000000000000e+00,0.0000000000000000e+00,,0,"0","Single Shift in a Day",,,,,,,"01/01/00 00:00:00",,0.0000000000000000e+00,,,,,,,,,,,,
102,"MUKESH KUMAR MISHRA","14069",,14069,"Male",4,6,"Software Engineer",1,"12/16/14 00:00:00","01/01/00 00:00:00","03/16/15 00:00:00","14069",,"Permanent","Working",,"1",,,,,,,"01/01/00 00:00:00",,,,,1,,,,,,,,"Bangalore",,,,,"h0/SYTaqgJ0=",,,1,0.0000000000000000e+00,0.0000000000000000e+00,,0,"0","Single Shift in a Day",,,,,,,"01/01/00 00:00:00",,0.0000000000000000e+00,,,,,,,,,,,,
103,"MANJULA A","15071",,15071,"Female",4,2,"HR Manager",1,"02/23/15 00:00:00","01/01/00 00:00:00","05/23/15 00:00:00","15071",,"Permanent","Working",,"1",,,,,,,"01/01/00 00:00:00",,,,,1,,,,,,,,"Bangalore",,,,,"h0/SYTaqgJ0=",,,1,0.0000000000000000e+00,0.0000000000000000e+00,,0,"0","Single Shift in a Day",,,,,,,"01/01/00 00:00:00",,0.0000000000000000e+00,,,,,,,,,,,,
104,"SANJAY KUMAR S","Del_15072",,15072,"Male",4,11,"Graphic Designer",1,"03/02/15 00:00:00","01/01/00 00:00:00","06/02/15 00:00:00","Del_15072",,"Permanent","Working",,"1",,,,,,,"01/01/00 00:00:00",,,,,0,,,,,,,,"Bangalore",,,,,"h0/SYTaqgJ0=",,,1,0.0000000000000000e+00,0.0000000000000000e+00,,0,"0","Single Shift in a Day",,,,,,,"01/01/00 00:00:00",,0.0000000000000000e+00,,,,,,,,,,,,
105,"JAGADISH A J","Del_15073",,15073,"Male",4,6,"Software Engineer",1,"03/04/15 00:00:00","01/01/00 00:00:00","06/04/15 00:00:00","Del_15073",,"Permanent","Working",,"1",,,,,,,"01/01/00 00:00:00",,,,,0,,,,,,,,"Bangalore",,,,,"h0/SYTaqgJ0=",,,1,0.0000000000000000e+00,0.0000000000000000e+00,,0,"0","Single Shift in a Day",,,,,,,"01/01/00 00:00:00",,0.0000000000000000e+00,,,,,,,,,,,,
106,"DEEPAK HARIBHAV CHAPLE","15074",,15074,"Male",4,7,"SSE",1,"03/23/15 00:00:00","01/01/00 00:00:00","06/23/15 00:00:00","15074",,"Permanent","Working",,"1",,,,,,,"01/01/00 00:00:00",,,,,1,,,,,,,,"Bangalore",,,,,"h0/SYTaqgJ0=",,,1,0.0000000000000000e+00,0.0000000000000000e+00,,0,"0","Single Shift in a Day",,,,,,,"01/01/00 00:00:00",,0.0000000000000000e+00,,,,,,,,,,,,
107,"KESAVAN R","Del_15077",,15077,"Male",4,6,"Software Engineer",1,"04/01/15 00:00:00","01/01/00 00:00:00","06/30/15 00:00:00","Del_15077",,"Permanent","Working",,"1",,,,,,,"01/01/00 00:00:00",,,,,0,,,,,,,,"Bangalore",,,,,"h0/SYTaqgJ0=",,,1,0.0000000000000000e+00,0.0000000000000000e+00,,0,"0","Single Shift in a Day",,,,,,,"01/01/00 00:00:00",,0.0000000000000000e+00,,,,,,,,,,,,
108,"AKHILESH KUMAR","1011",,1011,"Male",4,6,"Consultant",1,"06/01/17 00:00:00","01/01/00 00:00:00","08/31/17 00:00:00","1011",,"Contract","Working",,"1",,,,,,,"01/01/00 00:00:00",,,,,1,,,,,,,,"Bangalore",,,,,"h0/SYTaqgJ0=",,,1,0.0000000000000000e+00,0.0000000000000000e+00,,0,"0","Single Shift in a Day",,,,,,,"01/01/00 00:00:00",,0.0000000000000000e+00,,,,,,,,,,,,
109,"RAJESH KASULA","15081",,15081,"Male",4,8,"Software Engineer",1,"04/13/15 00:00:00","01/01/00 00:00:00","07/13/15 00:00:00","15081",,"Permanent","Working",,"1",,,,,,,"01/01/00 00:00:00",,,,,1,,,,,,,,"Bangalore",,,,,"h0/SYTaqgJ0=",,,1,0.0000000000000000e+00,0.0000000000000000e+00,,0,"0","Single Shift in a Day",,,,,,,"01/01/00 00:00:00",,0.0000000000000000e+00,,,,,,,,,,,,
110,"BHARGAV R K","15083",,15083,"Male",4,5,"Testing Engineer",1,"04/20/15 00:00:00","01/01/00 00:00:00","07/20/15 00:00:00","15083",,"Permanent","Working",,"1",,,,,,,"01/01/00 00:00:00",,,,,1,,,,,,,,"Bangalore",,,,,"h0/SYTaqgJ0=",,,1,0.0000000000000000e+00,0.0000000000000000e+00,,0,"0","Single Shift in a Day",,,,,,,"01/01/00 00:00:00",,0.0000000000000000e+00,,,,,,,,,,,,
111,"POONAM M SAYYAD","15084",,15084,"Female",4,5,"Testing Engineer",1,"04/20/15 00:00:00","01/01/00 00:00:00","07/20/15 00:00:00","15084",,"Permanent","Working",,"1",,,,,,,"01/01/00 00:00:00",,,,,1,,,,,,,,"Bangalore",,,,,"h0/SYTaqgJ0=",,,1,0.0000000000000000e+00,0.0000000000000000e+00,,0,"0","Single Shift in a Day",,,,,,,"01/01/00 00:00:00",,0.0000000000000000e+00,,,,,,,,,,,,
112,"JESUDAS FERNANDES","15085",,15085,"Male",4,4,"VP Global Delivery",1,"04/27/15 00:00:00","01/01/00 00:00:00","07/27/15 00:00:00","15085",,"Permanent","Working",,"1",,,,,,,"01/01/00 00:00:00",,,,,1,,,,,,,,"Bangalore",,,,,"h0/SYTaqgJ0=",,,1,0.0000000000000000e+00,0.0000000000000000e+00,,0,"0","Single Shift in a Day",,,,,,,"01/01/00 00:00:00",,0.0000000000000000e+00,,,,,,,,,,,,
113,"BISWAJEET ROUT","15086",,15086,"Male",4,11,"Graphic Designer",1,"05/21/15 00:00:00","01/01/00 00:00:00","08/21/15 00:00:00","15086",,"Permanent","Working",,"1",,,,,,,"01/01/00 00:00:00",,,,,1,,,,,,,,"Bangalore",,,,,"h0/SYTaqgJ0=",,,1,0.0000000000000000e+00,0.0000000000000000e+00,,0,"0","Single Shift in a Day",,,,,,,"01/01/00 00:00:00",,0.0000000000000000e+00,,,,,,,,,,,,
114,"MANJUNATH P C","15087",,15087,"Male",4,11,"Sr GD",1,"05/26/15 00:00:00","01/01/00 00:00:00","08/26/15 00:00:00","15087",,"Permanent","Working",,"1",,,,,,,"01/01/00 00:00:00",,,,,1,,,,,,,,"Bangalore",,,,,"h0/SYTaqgJ0=",,,1,0.0000000000000000e+00,0.0000000000000000e+00,,0,"0","Single Shift in a Day",,,,,,,"01/01/00 00:00:00",,0.0000000000000000e+00,,,,,,,,,,,,
115,"GANESH G SHANBHAG","15091",,15091,"Male",4,5,"Test Lead",1,"06/22/15 00:00:00","01/01/00 00:00:00","09/22/15 00:00:00","15091",,"Permanent","Working",,"1",,,,,,,"01/01/00 00:00:00",,,,,1,,,,,,,,"Bangalore",,,,,"h0/SYTaqgJ0=",,,1,0.0000000000000000e+00,0.0000000000000000e+00,,0,"0","Single Shift in a Day",,,,,,,"01/01/00 00:00:00",,0.0000000000000000e+00,,,,,,,,,,,,
116,"ANEESH D N","15096",,15096,"Male",4,6,"Tech Lead",1,"08/31/15 00:00:00","01/01/00 00:00:00","11/30/15 00:00:00","15096",,"Permanent","Working",,"1",,,,,,,"01/01/00 00:00:00",,,,,1,,,,,,,,"Bangalore",,,,,"h0/SYTaqgJ0=",,,1,0.0000000000000000e+00,0.0000000000000000e+00,,0,"0","Single Shift in a Day",,,,,,,"01/01/00 00:00:00",,0.0000000000000000e+00,,,,,,,,,,,,
117,"ADITHYA KESARLA","15099",,15099,"Male",4,8,"Software Engineer",1,"09/07/15 00:00:00","01/01/00 00:00:00","12/07/15 00:00:00","15099",,"Permanent","Working",,"1",,,,,,,"01/01/00 00:00:00",,,,,1,,,,,,,,"Bangalore",,,,,"h0/SYTaqgJ0=",,,1,0.0000000000000000e+00,0.0000000000000000e+00,,0,"0","Single Shift in a Day",,,,,,,"01/01/00 00:00:00",,0.0000000000000000e+00,,,,,,,,,,,,
118,"VINIT DESAI","Del_15101",,15101,"Female",4,6,"Software Engineer",1,"09/21/15 00:00:00","01/01/00 00:00:00","12/21/15 00:00:00","Del_15101",,"Permanent","Working",,"1",,,,,,,"01/01/00 00:00:00",,,,,0,,,,,,,,"Bangalore",,,,,"h0/SYTaqgJ0=",,,1,0.0000000000000000e+00,0.0000000000000000e+00,,0,"0","Single Shift in a Day",,,,,,,"01/01/00 00:00:00",,0.0000000000000000e+00,,,,,,,,,,,,
119,"NAGESH M CHANDAN","15103",,15103,"Male",4,8,"SSE",1,"10/05/15 00:00:00","01/01/00 00:00:00","01/05/16 00:00:00","15103",,"Permanent","Working",,"1",,,,,,,"01/01/00 00:00:00",,,,,1,,,,,,,,"Bangalore",,,,,"h0/SYTaqgJ0=",,,1,0.0000000000000000e+00,0.0000000000000000e+00,,0,"0","Single Shift in a Day",,,,,,,"01/01/00 00:00:00",,0.0000000000000000e+00,,,,,,,,,,,,
120,"HARSHA JAGADISH","15104",,15104,"Male",4,6,"Tech Lead",1,"10/14/15 00:00:00","01/01/00 00:00:00","01/14/16 00:00:00","15104",,"Permanent","Working",,"1",,,,,,,"01/01/00 00:00:00",,,,,1,,,,,,,,"Bangalore",,,,,"h0/SYTaqgJ0=",,,1,0.0000000000000000e+00,0.0000000000000000e+00,,0,"0","Single Shift in a Day",,,,,,,"01/01/00 00:00:00",,0.0000000000000000e+00,,,,,,,,,,,,
121,"MUZAEED","15105",,15105,"Male",4,6,"Software Engineer",1,"11/23/15 00:00:00","01/01/00 00:00:00","02/23/16 00:00:00","15105",,"Permanent","Working",,"1",,,,,,,"01/01/00 00:00:00",,,,,1,,,,,,,,"Bangalore",,,,,"h0/SYTaqgJ0=",,,1,0.0000000000000000e+00,0.0000000000000000e+00,,0,"0","Single Shift in a Day",,,,,,,"01/01/00 00:00:00",,0.0000000000000000e+00,,,,,,,,,,,,
122,"KAPA BRAHMANAIDU","Del_15107",,15107,"Male",4,8,"Tech Lead",1,"12/07/15 00:00:00","01/01/00 00:00:00","03/07/16 00:00:00","Del_15107",,"Permanent","Working",,"1",,,,,,,"01/01/00 00:00:00",,,,,0,,,,,,,,"Bangalore",,,,,"h0/SYTaqgJ0=",,,1,0.0000000000000000e+00,0.0000000000000000e+00,,0,"0","Single Shift in a Day",,,,,,,"01/01/00 00:00:00",,0.0000000000000000e+00,,,,,,,,,,,,
123,"SUSHMITHA B","16109",,16109,"Female",4,2,"Recruiter",1,"01/04/16 00:00:00","01/01/00 00:00:00","04/04/16 00:00:00","16109",,"Permanent","Working",,"1",,,,,,,"01/01/00 00:00:00",,,,,1,,,,,,,,"Bangalore",,,,,"h0/SYTaqgJ0=",,,1,0.0000000000000000e+00,0.0000000000000000e+00,,0,"0","Single Shift in a Day",,,,,,,"01/01/00 00:00:00",,0.0000000000000000e+00,,,,,,,,,,,,
124,"ROBIN MANDANGADA","16110",,16110,"Male",4,6,"Project Manager",1,"01/25/16 00:00:00","01/01/00 00:00:00","04/25/16 00:00:00","16110",,"Permanent","Working",,"1",,,,,,,"01/01/00 00:00:00",,,,,1,,,,,,,,"Bangalore",,,,,"h0/SYTaqgJ0=",,,1,0.0000000000000000e+00,0.0000000000000000e+00,,0,"0","Single Shift in a Day",,,,,,,"01/01/00 00:00:00",,0.0000000000000000e+00,,,,,,,,,,,,
125,"BHAGAVATHI KIRAN P","16114",,16114,"Male",4,12,"Acc Executive",1,"02/08/16 00:00:00","01/01/00 00:00:00","05/08/16 00:00:00","16114",,"Permanent","Working",,"1",,,,,,,"01/01/00 00:00:00",,,,,1,,,,,,,,"Bangalore",,,,,"h0/SYTaqgJ0=",,,1,0.0000000000000000e+00,0.0000000000000000e+00,,0,"0","Single Shift in a Day",,,,,,,"01/01/00 00:00:00",,0.0000000000000000e+00,,,,,,,,,,,,
126,"SHASHIDHAR K V","Del_16115",,16115,"Male",4,6,"Software Engineer",1,"02/17/16 00:00:00","01/01/00 00:00:00","05/17/16 00:00:00","Del_16115",,"Permanent","Working",,"1",,,,,,,"01/01/00 00:00:00",,,,,0,,,,,,,,"Bangalore",,,,,"h0/SYTaqgJ0=",,,1,0.0000000000000000e+00,0.0000000000000000e+00,,0,"0","Single Shift in a Day",,,,,,,"01/01/00 00:00:00",,0.0000000000000000e+00,,,,,,,,,,,,
127,"VAMSHI KRISHNA G P","16116",,16116,"Male",4,10,"Syst Admin",1,"02/18/16 00:00:00","01/01/00 00:00:00","05/18/16 00:00:00","16116",,"Permanent","Working",,"1",,,,,,,"01/01/00 00:00:00",,,,,1,,,,,,,,"Bangalore",,,,,"h0/SYTaqgJ0=",,,1,0.0000000000000000e+00,0.0000000000000000e+00,,0,"0","Single Shift in a Day",,,,,,,"01/01/00 00:00:00",,0.0000000000000000e+00,,,,,,,,,,,,
128,"AMRITA KUMARI","Del_16119",,16119,"Female",4,6,"Software Engineer",1,"03/16/16 00:00:00","01/01/00 00:00:00","06/16/16 00:00:00","Del_16119",,"Permanent","Working",,"1",,,,,,,"01/01/00 00:00:00",,,,,0,,,,,,,,"Bangalore",,,,,"h0/SYTaqgJ0=",,,1,0.0000000000000000e+00,0.0000000000000000e+00,,0,"0","Single Shift in a Day",,,,,,,"01/01/00 00:00:00",,0.0000000000000000e+00,,,,,,,,,,,,
129,"PRAJNA M P","16121",,16121,"Female",4,7,"Software Engineer",1,"03/21/16 00:00:00","01/01/00 00:00:00","09/21/16 00:00:00","16121",,"Permanent","Working",,"1",,,,,,,"01/01/00 00:00:00",,,,,1,,,,,,,,"Bangalore",,,,,"h0/SYTaqgJ0=",,,1,0.0000000000000000e+00,0.0000000000000000e+00,,0,"0","Single Shift in a Day",,,,,,,"01/01/00 00:00:00",,0.0000000000000000e+00,,,,,,,,,,,,
130,"SHREESHA BHAT H","16123",,16123,"Male",4,6,"Software Engineer",1,"04/04/16 00:00:00","01/01/00 00:00:00","07/04/16 00:00:00","16123",,"Permanent","Working",,"1",,,,,,,"01/01/00 00:00:00",,,,,1,,,,,,,,"Bangalore",,,,,"h0/SYTaqgJ0=",,,1,0.0000000000000000e+00,0.0000000000000000e+00,,0,"0","Single Shift in a Day",,,,,,,"01/01/00 00:00:00",,0.0000000000000000e+00,,,,,,,,,,,,
131,"ABHIJIT KUMAR","16124",,16124,"Male",4,6,"Software Engineer",1,"04/04/16 00:00:00","01/01/00 00:00:00","07/04/16 00:00:00","16124",,"Permanent","Working",,"1",,,,,,,"01/01/00 00:00:00",,,,,1,,,,,,,,"Bangalore",,,,,"h0/SYTaqgJ0=",,,1,0.0000000000000000e+00,0.0000000000000000e+00,,0,"0","Single Shift in a Day",,,,,,,"01/01/00 00:00:00",,0.0000000000000000e+00,,,,,,,,,,,,
132,"SUNIL C J","16126",,16126,"Male",4,6,"SSE",1,"04/25/16 00:00:00","01/01/00 00:00:00","07/25/16 00:00:00","16126",,"Permanent","Working",,"1",,,,,,,"01/01/00 00:00:00",,,,,1,,,,,,,,"Bangalore",,,,,"h0/SYTaqgJ0=",,,1,0.0000000000000000e+00,0.0000000000000000e+00,,0,"0","Single Shift in a Day",,,,,,,"01/01/00 00:00:00",,0.0000000000000000e+00,,,,,,,,,,,,
133,"BHUVANESH R","16127",,16127,"Male",4,2,"Recruiter",1,"05/17/16 00:00:00","01/01/00 00:00:00","08/17/16 00:00:00","16127",,"Permanent","Working",,"1",,,,,,,"01/01/00 00:00:00",,,,,1,,,,,,,,"Bangalore",,,,,"h0/SYTaqgJ0=",,,1,0.0000000000000000e+00,0.0000000000000000e+00,,0,"0","Single Shift in a Day",,,,,,,"01/01/00 00:00:00",,0.0000000000000000e+00,,,,,,,,,,,,
134,"DEVI R","16130",,16130,"Female",4,7,"Software Engineer",1,"06/13/16 00:00:00","01/01/00 00:00:00","09/13/16 00:00:00","16130",,"Permanent","Working",,"1",,,,,,,"01/01/00 00:00:00",,,,,1,,,,,,,,"Bangalore",,,,,"h0/SYTaqgJ0=",,,1,0.0000000000000000e+00,0.0000000000000000e+00,,0,"0","Single Shift in a Day",,,,,,,"01/01/00 00:00:00",,0.0000000000000000e+00,,,,,,,,,,,,
135,"KASHYAP RAI K","Del_16131",,16131,"Male",4,6,"Software Engineer",1,"06/20/16 00:00:00","01/01/00 00:00:00","12/20/16 00:00:00","Del_16131",,"Permanent","Working",,"1",,,,,,,"01/01/00 00:00:00",,,,,0,,,,,,,,"Bangalore",,,,,"h0/SYTaqgJ0=",,,1,0.0000000000000000e+00,0.0000000000000000e+00,,0,"0","Single Shift in a Day",,,,,,,"01/01/00 00:00:00",,0.0000000000000000e+00,,,,,,,,,,,,
136,"GAURAV RAO K","16132",,16132,"Male",4,6,"Software Engineer",1,"06/20/16 00:00:00","01/01/00 00:00:00","12/20/16 00:00:00","16132",,"Permanent","Working",,"1",,,,,,,"01/01/00 00:00:00",,,,,1,,,,,,,,"Bangalore",,,,,"h0/SYTaqgJ0=",,,1,0.0000000000000000e+00,0.0000000000000000e+00,,0,"0","Single Shift in a Day",,,,,,,"01/01/00 00:00:00",,0.0000000000000000e+00,,,,,,,,,,,,
137,"NIREEKSHITHA C","16134",,16134,"Female",4,6,"Software Engineer",1,"06/20/16 00:00:00","01/01/00 00:00:00","12/20/16 00:00:00","16134",,"Permanent","Working",,"1",,,,,,,"01/01/00 00:00:00",,,,,1,,,,,,,,"Bangalore",,,,,"h0/SYTaqgJ0=",,,1,0.0000000000000000e+00,0.0000000000000000e+00,,0,"0","Single Shift in a Day",,,,,,,"01/01/00 00:00:00",,0.0000000000000000e+00,,,,,,,,,,,,
138,"CHAITHRA T S","16135",,16135,"Female",4,8,"Software Engineer",1,"06/20/16 00:00:00","01/01/00 00:00:00","12/20/16 00:00:00","16135",,"Permanent","Working",,"1",,,,,,,"01/01/00 00:00:00",,,,,1,,,,,,,,"Bangalore",,,,,"h0/SYTaqgJ0=",,,1,0.0000000000000000e+00,0.0000000000000000e+00,,0,"0","Single Shift in a Day",,,,,,,"01/01/00 00:00:00",,0.0000000000000000e+00,,,,,,,,,,,,
139,"SUCHETHA K S","16138",,16138,"Female",4,14,"Sales Executive",1,"07/04/16 00:00:00","01/01/00 00:00:00","10/04/16 00:00:00","16138",,"Permanent","Working",,"1",,,,,,,"01/01/00 00:00:00",,,,,1,,,,,,,,"Bangalore",,,,,"h0/SYTaqgJ0=",,,1,0.0000000000000000e+00,0.0000000000000000e+00,,0,"0","Single Shift in a Day",,,,,,,"01/01/00 00:00:00",,0.0000000000000000e+00,,,,,,,,,,,,
140,"LAVANYA B R","16143",,16143,"Female",4,8,"Software Engineer",1,"07/18/16 00:00:00","01/01/00 00:00:00","10/18/16 00:00:00","16143",,"Permanent","Working",,"1",,,,,,,"01/01/00 00:00:00",,,,,1,,,,,,,,"Bangalore",,,,,"h0/SYTaqgJ0=",,,1,0.0000000000000000e+00,0.0000000000000000e+00,,0,"0","Single Shift in a Day",,,,,,,"01/01/00 00:00:00",,0.0000000000000000e+00,,,,,,,,,,,,
141,"BHUBALA K","Del_16144",,16144,"Female",4,8,"Software Engineer",1,"07/21/16 00:00:00","01/01/00 00:00:00","10/21/16 00:00:00","Del_16144",,"Permanent","Working",,"1",,,,,,,"01/01/00 00:00:00",,,,,0,,,,,,,,"Bangalore",,,,,"h0/SYTaqgJ0=",,,1,0.0000000000000000e+00,0.0000000000000000e+00,,0,"0","Single Shift in a Day",,,,,,,"01/01/00 00:00:00",,0.0000000000000000e+00,,,,,,,,,,,,
142,"TAMIL SELVAN R","16145",,16145,"Male",4,8,"Software Engineer",1,"07/27/16 00:00:00","01/01/00 00:00:00","10/27/16 00:00:00","16145",,"Permanent","Working",,"1",,,,,,,"01/01/00 00:00:00",,,,,1,,,,,,,,"Bangalore",,,,,"h0/SYTaqgJ0=",,,1,0.0000000000000000e+00,0.0000000000000000e+00,,0,"0","Single Shift in a Day",,,,,,,"01/01/00 00:00:00",,0.0000000000000000e+00,,,,,,,,,,,,
143,"VISHWAVIJET N B","16148",,16148,"Male",4,8,"Software Engineer",1,"08/08/16 00:00:00","01/01/00 00:00:00","11/08/16 00:00:00","16148",,"Permanent","Working",,"1",,,,,,,"01/01/00 00:00:00",,,,,1,,,,,,,,"Bangalore",,,,,"h0/SYTaqgJ0=",,,1,0.0000000000000000e+00,0.0000000000000000e+00,,0,"0","Single Shift in a Day",,,,,,,"01/01/00 00:00:00",,0.0000000000000000e+00,,,,,,,,,,,,
144,"JASIR VALIYA VALAPPIL","16150",,16150,"Male",4,6,"Software Engineer",1,"09/21/16 00:00:00","01/01/00 00:00:00","12/21/16 00:00:00","16150",,"Permanent","Working",,"1",,,,,,,"01/01/00 00:00:00",,,,,1,,,,,,,,"Bangalore",,,,,"h0/SYTaqgJ0=",,,1,0.0000000000000000e+00,0.0000000000000000e+00,,0,"0","Single Shift in a Day",,,,,,,"01/01/00 00:00:00",,0.0000000000000000e+00,,,,,,,,,,,,
145,"NISHMITHA K SHENOY","Del_16151",,16151,"Female",4,5,"TTE",1,"09/26/16 00:00:00","01/01/00 00:00:00","03/26/17 00:00:00","Del_16151",,"Permanent","Working",,"1",,,,,,,"01/01/00 00:00:00",,,,,0,,,,,,,,"Bangalore",,,,,"h0/SYTaqgJ0=",,,1,0.0000000000000000e+00,0.0000000000000000e+00,,0,"0","Single Shift in a Day",,,,,,,"01/01/00 00:00:00",,0.0000000000000000e+00,,,,,,,,,,,,
146,"SWETHA M","16152",,16152,"Female",4,5,"TTE",1,"09/26/16 00:00:00","01/01/00 00:00:00","03/26/17 00:00:00","16152",,"Permanent","Working",,"1",,,,,,,"01/01/00 00:00:00",,,,,1,,,,,,,,"Bangalore",,,,,"h0/SYTaqgJ0=",,,1,0.0000000000000000e+00,0.0000000000000000e+00,,0,"0","Single Shift in a Day",,,,,,,"01/01/00 00:00:00",,0.0000000000000000e+00,,,,,,,,,,,,
147,"SANJAY BOL","16154",,16154,"Male",4,15,"Project Manager",1,"11/28/16 00:00:00","01/01/00 00:00:00","02/28/17 00:00:00","16154",,"Permanent","Working",,"1",,,,,,,"01/01/00 00:00:00",,,,,1,,,,,,,,"Bangalore",,,,,"h0/SYTaqgJ0=",,,1,0.0000000000000000e+00,0.0000000000000000e+00,,0,"0","Single Shift in a Day",,,,,,,"01/01/00 00:00:00",,0.0000000000000000e+00,,,,,,,,,,,,
148,"RAMJI R","16155",,16155,"Male",4,6,"Tech Lead",1,"11/28/16 00:00:00","01/01/00 00:00:00","02/28/17 00:00:00","16155",,"Permanent","Working",,"1",,,,,,,"01/01/00 00:00:00",,,,,1,,,,,,,,"Bangalore",,,,,"h0/SYTaqgJ0=",,,1,0.0000000000000000e+00,0.0000000000000000e+00,,0,"0","Single Shift in a Day",,,,,,,"01/01/00 00:00:00",,0.0000000000000000e+00,,,,,,,,,,,,
149,"MANISANKAR R","16156",,16156,"Male",4,6,"Software Engineer",1,"11/28/16 00:00:00","01/01/00 00:00:00","02/28/17 00:00:00","16156",,"Permanent","Working",,"1",,,,,,,"01/01/00 00:00:00",,,,,1,,,,,,,,"Bangalore",,,,,"h0/SYTaqgJ0=",,,1,0.0000000000000000e+00,0.0000000000000000e+00,,0,"0","Single Shift in a Day",,,,,,,"01/01/00 00:00:00",,0.0000000000000000e+00,,,,,,,,,,,,
150,"SAKTHIVEL K","16157",,16157,"Male",4,6,"Tech Lead",1,"11/30/16 00:00:00","01/01/00 00:00:00","03/02/17 00:00:00","16157",,"Permanent","Working",,"1",,,,,,,"01/01/00 00:00:00",,,,,1,,,,,,,,"Bangalore",,,,,"h0/SYTaqgJ0=",,,1,0.0000000000000000e+00,0.0000000000000000e+00,,0,"0","Single Shift in a Day",,,,,,,"01/01/00 00:00:00",,0.0000000000000000e+00,,,,,,,,,,,,
151,"SHAIK MOHAMMED RAIHAN","16158",,16158,"Male",4,5,"Testing Engineer",1,"12/14/16 00:00:00","01/01/00 00:00:00","03/14/17 00:00:00","16158",,"Permanent","Working",,"1",,,,,,,"01/01/00 00:00:00",,,,,1,,,,,,,,"Bangalore",,,,,"h0/SYTaqgJ0=",,,1,0.0000000000000000e+00,0.0000000000000000e+00,,0,"0","Single Shift in a Day",,,,,,,"01/01/00 00:00:00",,0.0000000000000000e+00,,,,,,,,,,,,
152,"P K BINGYAPITA ROUT","16159",,16159,"Female",4,6,"SSE",1,"12/21/16 00:00:00","01/01/00 00:00:00","03/21/17 00:00:00","16159",,"Permanent","Working",,"1",,,,,,,"01/01/00 00:00:00",,,,,1,,,,,,,,"Bangalore",,,,,"h0/SYTaqgJ0=",,,1,0.0000000000000000e+00,0.0000000000000000e+00,,0,"0","Single Shift in a Day",,,,,,,"01/01/00 00:00:00",,0.0000000000000000e+00,,,,,,,,,,,,
153,"SHIVANI GAUTAM","16160",,16160,"Female",4,6,"SSE",1,"12/26/16 00:00:00","01/01/00 00:00:00","03/26/17 00:00:00","16160",,"Permanent","Working",,"1",,,,,,,"01/01/00 00:00:00",,,,,1,,,,,,,,"Bangalore",,,,,"h0/SYTaqgJ0=",,,1,0.0000000000000000e+00,0.0000000000000000e+00,,0,"0","Single Shift in a Day",,,,,,,"01/01/00 00:00:00",,0.0000000000000000e+00,,,,,,,,,,,,
154,"PIYUSH KUMAR BISWAL","17183",,17183,"Male",4,6,"SSE",1,"06/19/17 00:00:00","01/01/00 00:00:00","09/19/17 00:00:00","17183",,"Permanent","Working",,"1",,,,,,,"01/01/00 00:00:00",,,,,1,,,,,,,,"Bangalore",,,,,"h0/SYTaqgJ0=",,,1,0.0000000000000000e+00,0.0000000000000000e+00,,0,"0","Single Shift in a Day",,,,,,,"01/01/00 00:00:00",,0.0000000000000000e+00,,,,,,,,,,,,
155,"KAVITHA GUMASHTA","17162",,17162,"Female",4,16,"Mktg Comm Specialist",1,"01/03/17 00:00:00","01/01/00 00:00:00","04/03/17 00:00:00","17162",,"Permanent","Working",,"1",,,,,,,"01/01/00 00:00:00",,,,,1,,,,,,,,"Bangalore",,,,,"h0/SYTaqgJ0=",,,1,0.0000000000000000e+00,0.0000000000000000e+00,,0,"0","Single Shift in a Day",,,,,,,"01/01/00 00:00:00",,0.0000000000000000e+00,,,,,,,,,,,,
156,"MANOJ KUMAR REDDY C","17163",,17163,"Male",4,11,"Graphic Designer",1,"01/24/17 00:00:00","01/01/00 00:00:00","04/24/17 00:00:00","17163",,"Permanent","Working",,"1",,,,,,,"01/01/00 00:00:00",,,,,1,,,,,,,,"Bangalore",,,,,"h0/SYTaqgJ0=",,,1,0.0000000000000000e+00,0.0000000000000000e+00,,0,"0","Single Shift in a Day",,,,,,,"01/01/00 00:00:00",,0.0000000000000000e+00,,,,,,,,,,,,
157,"NITHIN AR","Del_17164",,17164,"M",4,6,"Software Engineer",1,"02/01/17 00:00:00","01/01/00 00:00:00","01/01/00 00:00:00","Del_",,,"Working",,"1","NITHIN AR",,"Mobinius Technologies Pvt Ltd","Web","Bangalore","Software Engineer","01/01/00 00:00:00",,,,"M",0,,,,,,,,"Bangalore","01-02-2017",,,,,,,1,0.0000000000000000e+00,,,0,"0","Single Shift in a Day",,,,,,,,,,,,,,,,,,,,,
158,"PRATHYUSHA NALUMACHU","Del_17165",,17165,"F",4,6,"Software Engineer",1,"02/01/17 00:00:00","01/01/00 00:00:00","01/01/00 00:00:00","Del_",,,"Working",,"1","PRATHYUSHA NALUMACHU",,"Mobinius Technologies Pvt Ltd","Web","Bangalore","Software Engineer","01/01/00 00:00:00",,,,"F",0,,,,,,,,"Bangalore","01-02-2017",,,,,,,1,0.0000000000000000e+00,,,0,"0","Single Shift in a Day",,,,,,,,,,,,,,,,,,,,,
159,"DEVENDRA KUMAR KHATRI","17185",,17185,"Male",4,6,"SSE",1,"06/27/17 00:00:00","01/01/00 00:00:00","09/27/17 00:00:00","17185",,"Permanent","Working",,"1",,,,,,,"01/01/00 00:00:00",,,,,1,,,,,,,,"Bangalore",,,,,"h0/SYTaqgJ0=",,,1,0.0000000000000000e+00,0.0000000000000000e+00,,0,"0","Single Shift in a Day",,,,,,,"01/01/00 00:00:00",,0.0000000000000000e+00,,,,,,,,,,,,
160,"GURUMURTHY J D","17196",,17196,"Male",4,4,"DIRECTOR - CLIENT SUCCESS",1,"08/01/17 00:00:00","01/01/00 00:00:00","10/31/17 00:00:00","17196",,"Permanent","Working",,"1",,,,,,,"01/01/00 00:00:00",,,,,1,,,,,,,,"Bangalore",,,,,"h0/SYTaqgJ0=",,,1,0.0000000000000000e+00,0.0000000000000000e+00,,0,"0","Single Shift in a Day",,,,,,,"01/01/00 00:00:00",,0.0000000000000000e+00,,,,,,,,,,,,
161,"PRATHVI V RAO","Del_17205",,17205,"Female",4,6,"TRAINEE SOFTWARE ENGINEER",1,"09/04/17 00:00:00","01/01/00 00:00:00","03/04/18 00:00:00","Del_17205",,"Permanent","Working",,"1",,,,,,,"01/01/00 00:00:00",,,,,0,,,,,,,,"Bangalore",,,,,"h0/SYTaqgJ0=",,,1,0.0000000000000000e+00,0.0000000000000000e+00,,0,"0","Single Shift in a Day",,,,,,,"01/01/00 00:00:00",,0.0000000000000000e+00,,,,,,,,,,,,
162,"SHWETHA","17204",,17204,"Female",4,6,"TRAINEE SOFTWARE ENGINEER",1,"09/04/17 00:00:00","01/01/00 00:00:00","03/04/18 00:00:00","17204",,"Permanent","Working",,"1",,,,,,,"01/01/00 00:00:00",,,,,1,,,,,,,,"Bangalore",,,,,"h0/SYTaqgJ0=",,,1,0.0000000000000000e+00,0.0000000000000000e+00,,0,"0","Single Shift in a Day",,,,,,,"01/01/00 00:00:00",,0.0000000000000000e+00,,,,,,,,,,,,
163,"POOJA SHETTY","17203",,17203,"Female",4,6,"TRAINEE SOFTWARE ENGINEER",1,"09/04/17 00:00:00","01/01/00 00:00:00","03/04/18 00:00:00","17203",,"Permanent","Working",,"1",,,,,,,"01/01/00 00:00:00",,,,,1,,,,,,,,"Bangalore",,,,,"h0/SYTaqgJ0=",,,1,0.0000000000000000e+00,0.0000000000000000e+00,,0,"0","Single Shift in a Day",,,,,,,"01/01/00 00:00:00",,0.0000000000000000e+00,,,,,,,,,,,,
164,"1004","1004",,1004,"Male",4,17,,1,"01/25/17 00:00:00","01/01/00 00:00:00","07/03/17 00:00:00","1004",,"Permanent","Working",,"1",,,,,,,"01/01/00 00:00:00",,,,,1,,,,,,,,"Bangalore",,,,,"h0/SYTaqgJ0=",,,1,0.0000000000000000e+00,0.0000000000000000e+00,,0,"0","Single Shift in a Day",,,,,,,"01/01/00 00:00:00",,0.0000000000000000e+00,,,,,,,,,,,,
165,"1003","1003",,1003,"Female",4,17,,1,"01/25/17 00:00:00","01/01/00 00:00:00","07/03/17 00:00:00","1003",,"Permanent","Working",,"1",,,,,,,"01/01/00 00:00:00",,,,,1,,,,,,,,"Bangalore",,,,,"h0/SYTaqgJ0=",,,1,0.0000000000000000e+00,0.0000000000000000e+00,,0,"0","Single Shift in a Day",,,,,,,"01/01/00 00:00:00",,0.0000000000000000e+00,,,,,,,,,,,,
166,"RAMYA R","Del_17170",,17170,"Female",4,16,"Sr.Exe-Market Research",1,"03/13/17 00:00:00","01/01/00 00:00:00","06/13/17 00:00:00","Del_17170",,"Permanent","Working",,"1",,,,,,,"01/01/00 00:00:00",,,,,0,,,,,,,,"Bangalore",,,,,"h0/SYTaqgJ0=",,,1,0.0000000000000000e+00,0.0000000000000000e+00,,0,",80,","Single Shift in a Day",,,,,,,"01/01/00 00:00:00",,0.0000000000000000e+00,,,,,,,,,,,,
167,"RADHA P","1001",,1001,"Female",4,2,"SWEEPER",1,"03/01/17 00:00:00","01/01/00 00:00:00","05/31/17 00:00:00","1001",,"Permanent","Working",,"1",,,,,,,"01/01/00 00:00:00",,,,,1,,,,,,,,"Bangalore",,,,,"h0/SYTaqgJ0=",,,1,0.0000000000000000e+00,0.0000000000000000e+00,,0,"0","Single Shift in a Day",,,,,,,"01/01/00 00:00:00",,0.0000000000000000e+00,,,,,,,,,,,,
168,"ANIL VERMA","1008",,1008,"Male",4,6,"Consultant",1,"12/05/16 00:00:00","01/01/00 00:00:00","03/05/17 00:00:00","1008",,"EmploymentType","Working",,"1",,,,,,,"01/01/00 00:00:00",,,,,1,,,,,,,,"Bangalore",,,,,"h0/SYTaqgJ0=",,,1,0.0000000000000000e+00,0.0000000000000000e+00,,0,"0","Single Shift in a Day",,,,,,,"01/01/00 00:00:00",,0.0000000000000000e+00,,,,,,,,,,,,
169,"PRANEETH BOOPATHI ","Del_17166",,17166,"M",4,6,"Tech Architect",1,"02/20/17 00:00:00","01/01/00 00:00:00","01/01/00 00:00:00","Del_",,,"Working",,"1","PRANEETH BOOPATHI ",,"Mobinius Technologies Pvt Ltd","Web","Bangalore","Tech Architect","01/01/00 00:00:00",,,,"M",0,,,,,,,,"Bangalore","20-02-2017",,,,,,,1,0.0000000000000000e+00,,,0,"0","Single Shift in a Day",,,,,,,,,,,,,,,,,,,,,
170,"NITHIN A R","17164",,17164,"Male",4,6,"Software Engineer",1,"02/01/17 00:00:00","01/01/00 00:00:00","04/30/17 00:00:00","17164",,"Permanent","Working",,"1",,,,,,,"01/01/00 00:00:00",,,,,1,,,,,,,,"Bangalore",,,,,"h0/SYTaqgJ0=",,,1,0.0000000000000000e+00,0.0000000000000000e+00,,0,"0","Single Shift in a Day",,,,,,,"01/01/00 00:00:00",,0.0000000000000000e+00,,,,,,,,,,,,
171,"PRATHYUSHA NALUMACHU","17165",,17165,"Female",4,6,"Software Engineer",1,"02/01/17 00:00:00","01/01/00 00:00:00","04/30/17 00:00:00","17165",,"Permanent","Working",,"1",,,,,,,"01/01/00 00:00:00",,,,,1,,,,,,,,"Bangalore",,,,,"h0/SYTaqgJ0=",,,1,0.0000000000000000e+00,0.0000000000000000e+00,,0,"0","Single Shift in a Day",,,,,,,"01/01/00 00:00:00",,0.0000000000000000e+00,,,,,,,,,,,,
172,"HARSHA J K","Del_16136",,16136,"M",4,7,"Software Engineer",1,"06/27/16 00:00:00","01/01/00 00:00:00","01/01/00 00:00:00","Del_",,,"Working",,"1",,,,,,,"01/01/00 00:00:00",,,,,0,,,,,,,,"Bangalore",,,,,,,,1,0.0000000000000000e+00,,,0,"0","Single Shift in a Day",,,,,,,,,,,,,,,,,,,,,
173,"AKASH HARENDRA WANJARI","Del_16128",,16128,"M",4,7,"Software Engineer",1,"05/19/16 00:00:00","01/01/00 00:00:00","01/01/00 00:00:00","Del_",,,"Working",,"1",,,,,,,"01/01/00 00:00:00",,,,,0,,,,,,,,"Bangalore",,,,,,,,1,0.0000000000000000e+00,,,0,"0","Single Shift in a Day",,,,,,,,,,,,,,,,,,,,,
174,"PRANEETH BHOOPATI","17166",,17166,"Male",4,6,"Tech Architect",1,"02/20/17 00:00:00","01/01/00 00:00:00","05/20/17 00:00:00","17166",,"Permanent","Working",,"1",,,,,,,"01/01/00 00:00:00",,,,,1,,,,,,,,"Bangalore",,,,,"h0/SYTaqgJ0=",,,1,0.0000000000000000e+00,0.0000000000000000e+00,,0,"0","Single Shift in a Day",,,,,,,"01/01/00 00:00:00",,0.0000000000000000e+00,,,,,,,,,,,,
175,"AKASH HARENDRA WANJARI","16128",,16128,"Male",4,7,"Software Engineer",1,"05/19/16 00:00:00","01/01/00 00:00:00","08/19/16 00:00:00","16128",,"Permanent","Working",,"1",,,,,,,"01/01/00 00:00:00",,,,,1,,,,,,,,"Bangalore",,,,,"h0/SYTaqgJ0=",,,1,0.0000000000000000e+00,0.0000000000000000e+00,,0,"0","Single Shift in a Day",,,,,,,"01/01/00 00:00:00",,0.0000000000000000e+00,,,,,,,,,,,,
176,"HARSHA J K","Del_16136",,16136,"Male",4,7,"Software Engineer",1,"06/27/16 00:00:00","01/01/00 00:00:00","09/27/16 00:00:00","Del_16136",,"Permanent","Working",,"1",,,,,,,"01/01/00 00:00:00",,,,,0,,,,,,,,"Bangalore",,,,,"h0/SYTaqgJ0=",,,1,0.0000000000000000e+00,0.0000000000000000e+00,,0,"0","Single Shift in a Day",,,,,,,"01/01/00 00:00:00",,0.0000000000000000e+00,,,,,,,,,,,,
177,"AMRUTA BANDENNAVAR","17167",,17167,"Female",4,5,"TTE",2,"02/22/17 00:00:00","01/01/00 00:00:00","08/22/17 00:00:00","17167",,"Permanent","Working",,"1","AMRUTA BANDENNAVAR",,"Mobinius Technologies Pvt Ltd","QA","Bangalore","TTE","01/01/00 00:00:00",,,,"F",1,,,,,,,,"Bangalore","22-02-2017",,,,"h0/SYTaqgJ0=",,,1,0.0000000000000000e+00,0.0000000000000000e+00,,0,"0","Single Shift in a Day",,,,,,,"01/01/00 00:00:00",,0.0000000000000000e+00,,,,,,,,,,,,
178,"DAMODAR P","11001",,11001,"Male",4,4,"CEO",1,"02/14/11 00:00:00","01/01/00 00:00:00","05/14/11 00:00:00","11001",,"Permanent","Working",,"1",,,,,,,"01/01/00 00:00:00",,,,,1,,,,,,,,"Bangalore",,,,,"h0/SYTaqgJ0=",,,1,0.0000000000000000e+00,0.0000000000000000e+00,,0,"0","Single Shift in a Day",,,,,,,"01/01/00 00:00:00",,0.0000000000000000e+00,,,,,,,,,,,,
179,"SAGAR INGALAGI","17168",,17168,"Male",4,6,"Software Engineer",1,"02/27/17 00:00:00","01/01/00 00:00:00","05/27/17 00:00:00","17168",,"Permanent","Working",,"1",,,,,,,"01/01/00 00:00:00",,,,,1,,,,,,,,"Bangalore",,,,,"h0/SYTaqgJ0=",,,1,0.0000000000000000e+00,0.0000000000000000e+00,,0,"0","Single Shift in a Day",,,,,,,"01/01/00 00:00:00",,0.0000000000000000e+00,,,,,,,,,,,,
180,"LOKENDRA JAIN","17169",,17169,"Male",4,6,"Team Lead",1,"02/27/17 00:00:00","01/01/00 00:00:00","05/27/17 00:00:00","17169",,"Permanent","Working",,"1",,,,,,,"01/01/00 00:00:00",,,,,1,,,,,,,,"Bangalore",,,,,"h0/SYTaqgJ0=",,,1,0.0000000000000000e+00,0.0000000000000000e+00,,0,"0","Single Shift in a Day",,,,,,,"01/01/00 00:00:00",,0.0000000000000000e+00,,,,,,,,,,,,
181,"RAMYA R","17170",,17170,"Female",4,16,"Sr. Executive - Market Research",1,"03/13/17 00:00:00","01/01/00 00:00:00","06/13/17 00:00:00","17170",,"Permanent","Working",,"1",,,,,,,"01/01/00 00:00:00",,,,,1,,,,,,,,"Bangalore",,,,,"h0/SYTaqgJ0=",,,1,0.0000000000000000e+00,0.0000000000000000e+00,,0,"0","Single Shift in a Day",,,,,,,"01/01/00 00:00:00",,0.0000000000000000e+00,,,,,,,,,,,,
182,"DAYANAND JAGATAP","1009",,1009,"Male",4,6,"Consultant",1,"06/07/17 00:00:00","01/01/00 00:00:00","09/07/17 00:00:00","1009",,"Permanent","Working",,"1",,,,,,,"01/01/00 00:00:00",,,,,1,,,,,,,,"Bangalore",,,,,"h0/SYTaqgJ0=",,,1,0.0000000000000000e+00,0.0000000000000000e+00,,0,"0","Single Shift in a Day",,,,,,,"01/01/00 00:00:00",,0.0000000000000000e+00,,,,,,,,,,,,
183,"BILAL P S","Del_17172",,17172,"Male",4,16,"Executive Market Research",1,"03/22/17 00:00:00","01/01/00 00:00:00","09/22/17 00:00:00","Del_17172",,"Permanent","Working",,"1",,,,,,,"01/01/00 00:00:00",,,,,0,,,,,,,,"Bangalore",,,,,"h0/SYTaqgJ0=",,,1,0.0000000000000000e+00,0.0000000000000000e+00,,0,"0","Single Shift in a Day",,,,,,,"01/01/00 00:00:00",,0.0000000000000000e+00,,,,,,,,,,,,
184,"SUJIT KUMAR BEHERA","17173",,17173,"Male",4,5,"Senior Testing Engineer",1,"03/27/17 00:00:00","01/01/00 00:00:00","06/27/17 00:00:00","17173",,"Permanent","Working",,"1",,,,,,,"01/01/00 00:00:00",,,,,1,,,,,,,,"Bangalore",,,,,"h0/SYTaqgJ0=",,,1,0.0000000000000000e+00,0.0000000000000000e+00,,0,"0","Single Shift in a Day",,,,,,,"01/01/00 00:00:00",,0.0000000000000000e+00,,,,,,,,,,,,
185,"P PRASANNA KUMAR","Del_13025",,13025,"Male",1,1,,1,"01/01/00 00:00:00","01/01/00 00:00:00","01/01/00 00:00:00","Del_13025",,"Permanent","Working",,"1",,,,,,,"01/01/00 00:00:00",,,,,0,,,,,,,,,,,,,"h0/SYTaqgJ0=",,,1,0.0000000000000000e+00,0.0000000000000000e+00,,0,"0","Single Shift in a Day",,,,,,,"01/01/00 00:00:00",,0.0000000000000000e+00,,,,,,,,,,,,
186,"ARUN B K","17174",,17174,"Male",4,6,"SSE",1,"04/10/17 00:00:00","01/01/00 00:00:00","07/10/17 00:00:00","17174",,"Permanent","Working",,"1",,,,,,,"01/01/00 00:00:00",,,,,1,,,,,,,,"Bangalore",,,,,"h0/SYTaqgJ0=",,,1,0.0000000000000000e+00,0.0000000000000000e+00,,0,"0","Single Shift in a Day",,,,,,,"01/01/00 00:00:00",,0.0000000000000000e+00,,,,,,,,,,,,
187,"SATYANARAYAN NANDA","Del_1010",,1010,"Male",4,6,"Consultant ",1,"04/11/17 00:00:00","01/01/00 00:00:00","07/11/17 00:00:00","Del_1010",,"Contract","Working",,"1",,,,,,,"01/01/00 00:00:00",,,,,0,,,,,,,,"Bangalore",,,,,"h0/SYTaqgJ0=",,,1,0.0000000000000000e+00,0.0000000000000000e+00,,0,"0","Single Shift in a Day",,,,,,,"01/01/00 00:00:00",,0.0000000000000000e+00,,,,,,,,,,,,
188,"TEJASWI RUDRARAJU","17175",,17175,"Female",4,6,"SSE",1,"04/21/17 00:00:00","01/01/00 00:00:00","07/21/17 00:00:00","17175",,"Permanent","Working",,"1",,,,,,,"01/01/00 00:00:00",,,,,1,,,,,,,,"Bangalore",,,,,"h0/SYTaqgJ0=",,,1,0.0000000000000000e+00,0.0000000000000000e+00,,0,"0","Single Shift in a Day",,,,,,,"01/01/00 00:00:00",,0.0000000000000000e+00,,,,,,,,,,,,
189,"PALLAVI CHATTERJEE","17176",,17176,"Female",4,6,"SSE",1,"05/08/17 00:00:00","01/01/00 00:00:00","08/08/17 00:00:00","17176",,"Permanent","Working",,"1",,,,,,,"01/01/00 00:00:00",,,,,1,,,,,,,,"Bangalore",,,,,"h0/SYTaqgJ0=",,,1,0.0000000000000000e+00,0.0000000000000000e+00,,0,"0","Single Shift in a Day",,,,,,,"01/01/00 00:00:00",,0.0000000000000000e+00,,,,,,,,,,,,
190,"MUHAMMAD AQIB K","17177",,17177,"Male",4,6,"SSE",1,"05/10/17 00:00:00","01/01/00 00:00:00","08/10/17 00:00:00","17177",,"Permanent","Working",,"1",,,,,,,"01/01/00 00:00:00",,,,,1,,,,,,,,"Bangalore",,,,,"h0/SYTaqgJ0=",,,1,0.0000000000000000e+00,0.0000000000000000e+00,,0,"0","Single Shift in a Day",,,,,,,"01/01/00 00:00:00",,0.0000000000000000e+00,,,,,,,,,,,,
191,"GOPINATH MOHAN","17178",,17178,"Male",4,6,"Software Engineer",1,"05/19/17 00:00:00","01/01/00 00:00:00","08/19/17 00:00:00","17178",,"Permanent","Working",,"1",,,,,,,"01/01/00 00:00:00",,,,,1,,,,,,,,"Bangalore",,,,,"h0/SYTaqgJ0=",,,1,0.0000000000000000e+00,0.0000000000000000e+00,,0,"0","Single Shift in a Day",,,,,,,"01/01/00 00:00:00",,0.0000000000000000e+00,,,,,,,,,,,,
192,"NIVETHA R","17179",,17179,"Female",4,6,"SSE",1,"05/22/17 00:00:00","01/01/00 00:00:00","08/22/17 00:00:00","17179",,"Permanent","Working",,"1",,,,,,,"01/01/00 00:00:00",,,,,1,,,,,,,,"Bangalore",,,,,"h0/SYTaqgJ0=",,,1,0.0000000000000000e+00,0.0000000000000000e+00,,0,"0","Single Shift in a Day",,,,,,,"01/01/00 00:00:00",,0.0000000000000000e+00,,,,,,,,,,,,
193,"PRASAD NIDODE","17184",,17184,"Male",4,6,"SSE",1,"06/19/17 00:00:00","01/01/00 00:00:00","09/19/17 00:00:00","17184",,"Permanent","Working",,"1",,,,,,,"01/01/00 00:00:00",,,,,1,,,,,,,,"Bangalore",,,,,"h0/SYTaqgJ0=",,,1,0.0000000000000000e+00,0.0000000000000000e+00,,0,"0","Single Shift in a Day",,,,,,,"01/01/00 00:00:00",,0.0000000000000000e+00,,,,,,,,,,,,
194,"MADHU SUDHAN RAO KORNI","17181",,17181,"Male",4,7,"Tech Lead",1,"05/29/17 00:00:00","01/01/00 00:00:00","08/29/17 00:00:00","17181",,"Permanent","Working",,"1",,,,,,,"01/01/00 00:00:00",,,,,1,,,,,,,,"Bangalore",,,,,"h0/SYTaqgJ0=",,,1,0.0000000000000000e+00,0.0000000000000000e+00,,0,"0","Single Shift in a Day",,,,,,,"01/01/00 00:00:00",,0.0000000000000000e+00,,,,,,,,,,,,
195,"ABARAJITHAN RAMACHANDRAN","17182",,17182,"Male",4,6,"SSE",1,"06/01/17 00:00:00","01/01/00 00:00:00","08/31/17 00:00:00","17182",,"Permanent","Working",,"1",,,,,,,"01/01/00 00:00:00",,,,,1,,,,,,,,"Bangalore",,,,,"h0/SYTaqgJ0=",,,1,0.0000000000000000e+00,0.0000000000000000e+00,,0,"0","Single Shift in a Day",,,,,,,"01/01/00 00:00:00",,0.0000000000000000e+00,,,,,,,,,,,,
196,"MUTHUKUMAR R","16139",,16139,"Male",4,8,"Tech Lead",1,"07/11/16 00:00:00","01/01/00 00:00:00","10/11/16 00:00:00","16139",,"Permanent","Working",,"1",,,,,,,"01/01/00 00:00:00",,,,,1,,,,,,,,"Bangalore",,,,,"h0/SYTaqgJ0=",,,1,0.0000000000000000e+00,0.0000000000000000e+00,,0,"0","Single Shift in a Day",,,,,,,"01/01/00 00:00:00",,0.0000000000000000e+00,,,,,,,,,,,,
197,"16115","Del_16115",,16115,"Male",1,1,,1,"01/01/00 00:00:00","01/01/00 00:00:00","01/01/00 00:00:00","Del_16115",,"Permanent","Working",,"1",,,,,,,"01/01/00 00:00:00",,,,,0,,,,,,,,,,,,,,,,1,,,,0,"0","Single Shift in a Day",,,,,,,,,,,,,,,,,,,,,
198,"15107","Del_15107",,15107,"Male",1,1,,1,"01/01/00 00:00:00","01/01/00 00:00:00","01/01/00 00:00:00","Del_15107",,"Permanent","Working",,"1",,,,,,,"01/01/00 00:00:00",,,,,0,,,,,,,,,,,,,,,,1,,,,0,"0","Single Shift in a Day",,,,,,,,,,,,,,,,,,,,,
199,"15079","Del_15079",,15079,"Male",1,1,,1,"01/01/00 00:00:00","01/01/00 00:00:00","01/01/00 00:00:00","Del_15079",,"Permanent","Working",,"1",,,,,,,"01/01/00 00:00:00",,,,,0,,,,,,,,,,,,,,,,1,,,,0,"0","Single Shift in a Day",,,,,,,,,,,,,,,,,,,,,
200,"1002","Del_1002",,1002,"Male",1,1,,1,"01/01/00 00:00:00","01/01/00 00:00:00","01/01/00 00:00:00","Del_1002",,"Permanent","Working",,"1",,,,,,,"01/01/00 00:00:00",,,,,0,,,,,,,,,,,,,,,,1,,,,0,"0","Single Shift in a Day",,,,,,,,,,,,,,,,,,,,,
201,"1002","Del_1002",,1002,"Male",1,1,,1,"01/01/00 00:00:00","01/01/00 00:00:00","01/01/00 00:00:00","Del_1002",,"Permanent","Working",,"1",,,,,,,"01/01/00 00:00:00",,,,,0,,,,,,,,,,,,,,,,1,,,,0,"0","Single Shift in a Day",,,,,,,,,,,,,,,,,,,,,
202,"AKBAR ALI","11004",,11004,"Male",4,6,"Team Lead",1,"07/06/11 00:00:00","01/01/00 00:00:00","10/06/11 00:00:00","11004",,"Permanent","Working",,"1",,,,,,,"01/01/00 00:00:00",,,,,1,,,,,,,,"Bangalore",,,,,"h0/SYTaqgJ0=",,,1,0.0000000000000000e+00,0.0000000000000000e+00,,0,"0","Single Shift in a Day",,,,,,,"01/01/00 00:00:00",,0.0000000000000000e+00,,,,,,,,,,,,
203,"1002","Del_1002",,1002,"Male",1,1,,1,"01/01/00 00:00:00","01/01/00 00:00:00","01/01/00 00:00:00","Del_1002",,"Permanent","Working",,"1",,,,,,,"01/01/00 00:00:00",,,,,0,,,,,,,,,,,,,,,,1,,,,0,"0","Single Shift in a Day",,,,,,,,,,,,,,,,,,,,,
204,"1002","1002",,1002,"Male",1,1,,1,"01/01/00 00:00:00","01/01/00 00:00:00","01/01/00 00:00:00","1002",,"Permanent","Working",,"1",,,,,,,"01/01/00 00:00:00",,,,,1,,,,,,,,,,,,,,,,1,,,,0,"0","Single Shift in a Day",,,,,,,,,,,,,,,,,,,,,
205,"17161","Del_17161",,17161,"Male",1,1,,1,"01/01/00 00:00:00","01/01/00 00:00:00","01/01/00 00:00:00","Del_17161",,"Permanent","Working",,"1",,,,,,,"01/01/00 00:00:00",,,,,0,,,,,,,,,,,,,,,,1,,,,0,"0","Single Shift in a Day",,,,,,,,,,,,,,,,,,,,,
206,"17161","Del_17161",,17161,"Male",1,1,,1,"01/01/00 00:00:00","01/01/00 00:00:00","01/01/00 00:00:00","Del_17161",,"Permanent","Working",,"1",,,,,,,"01/01/00 00:00:00",,,,,0,,,,,,,,,,,,,,,,1,,,,0,"0","Single Shift in a Day",,,,,,,,,,,,,,,,,,,,,
207,"111","Del_111",,111,"Male",1,1,,1,"01/01/00 00:00:00","01/01/00 00:00:00","01/01/00 00:00:00","Del_111",,"Permanent","Working",,"1",,,,,,,"01/01/00 00:00:00",,,,,0,,,,,,,,,,,,,,,,1,,,,0,"0","Single Shift in a Day",,,,,,,,,,,,,,,,,,,,,
208,"111","111",,111,"Male",1,1,,1,"01/01/00 00:00:00","01/01/00 00:00:00","01/01/00 00:00:00","111",,"Permanent","Working",,"1",,,,,,,"01/01/00 00:00:00",,,,,1,,,,,,,,,,,,,,,,1,,,,0,"0","Single Shift in a Day",,,,,,,,,,,,,,,,,,,,,
209,"13020","Del_13020",,13020,"Male",1,1,,1,"01/01/00 00:00:00","01/01/00 00:00:00","01/01/00 00:00:00","Del_13020",,"Permanent","Working",,"1",,,,,,,"01/01/00 00:00:00",,,,,0,,,,,,,,,,,,,,,,1,,,,0,"0","Single Shift in a Day",,,,,,,,,,,,,,,,,,,,,
210,"SUKHCHAND KISKU","Del_17186",,17186,"Male",4,6,"Software Engineer",1,"06/27/17 00:00:00","01/01/00 00:00:00","09/27/17 00:00:00","Del_17186",,"Permanent","Working",,"1",,,,,,,"01/01/00 00:00:00",,,,,0,,,,,,,,"Bangalore",,,,,"h0/SYTaqgJ0=",,,1,0.0000000000000000e+00,0.0000000000000000e+00,,0,"0","Single Shift in a Day",,,,,,,"01/01/00 00:00:00",,0.0000000000000000e+00,,,,,,,,,,,,
211,"SWARUPYA DUTTA","17187",,17187,"Male",4,11,"Trainee Graphic Designer",1,"07/03/17 00:00:00","01/01/00 00:00:00","01/03/18 00:00:00","17187",,"Permanent","Working",,"1",,,,,,,"01/01/00 00:00:00",,,,,1,,,,,,,,"Bangalore",,,,,"h0/SYTaqgJ0=",,,1,0.0000000000000000e+00,0.0000000000000000e+00,,0,"0","Single Shift in a Day",,,,,,,"01/01/00 00:00:00",,0.0000000000000000e+00,,,,,,,,,,,,
212,"SANGEETA KUMARI","Del_17188",,17188,"Female",4,6,"SSE",1,"07/03/17 00:00:00","01/01/00 00:00:00","10/03/17 00:00:00","Del_17188",,"Permanent","Working",,"1",,,,,,,"01/01/00 00:00:00",,,,,0,,,,,,,,"Bangalore",,,,,"h0/SYTaqgJ0=",,,1,0.0000000000000000e+00,0.0000000000000000e+00,,0,"0","Single Shift in a Day",,,,,,,"01/01/00 00:00:00",,0.0000000000000000e+00,,,,,,,,,,,,
213,"ANITHA E M","16153",,16153,"Female",4,6,"SSE",1,"10/14/16 00:00:00","01/01/00 00:00:00","01/14/17 00:00:00","16153",,"Permanent","Working",,"1",,,,,,,"01/01/00 00:00:00",,,,,1,,,,,,,,"Bangalore",,,,,"h0/SYTaqgJ0=",,,1,0.0000000000000000e+00,0.0000000000000000e+00,,0,"0","Single Shift in a Day",,,,,,,"01/01/00 00:00:00",,0.0000000000000000e+00,,,,,,,,,,,,
214,"NARENDRA V","13040",,13040,"Male",4,8,"SSE",1,"12/23/13 00:00:00","01/01/00 00:00:00","03/23/14 00:00:00","13040",,"Permanent","Working",,"1",,,,,,,"01/01/00 00:00:00",,,,,1,,,,,,,,"Bangalore",,,,,"h0/SYTaqgJ0=",,,1,0.0000000000000000e+00,0.0000000000000000e+00,,0,"0","Single Shift in a Day",,,,,,,"01/01/00 00:00:00",,0.0000000000000000e+00,,,,,,,,,,,,
215,"ARUN RAGA","Del_17190",,17190,"Male",4,6,"SSE",1,"07/14/17 00:00:00","01/01/00 00:00:00","10/14/17 00:00:00","Del_17190",,"Permanent","Working",,"1",,,,,,,"01/01/00 00:00:00",,,,,0,,,,,,,,"Bangalore",,,,,"h0/SYTaqgJ0=",,,1,0.0000000000000000e+00,0.0000000000000000e+00,,0,"0","Single Shift in a Day",,,,,,,"01/01/00 00:00:00",,0.0000000000000000e+00,,,,,,,,,,,,
216,"SENTHILKUMARAN S","Del_17191",,17191,"Male",1,6,"Web Designer",1,"07/17/17 00:00:00","01/01/00 00:00:00","10/17/17 00:00:00","Del_17191",,"Permanent","Working",,"1",,,,,,,"01/01/00 00:00:00",,,,,0,,,,,,,,"Bangalore",,,,,"h0/SYTaqgJ0=",,,1,0.0000000000000000e+00,0.0000000000000000e+00,,0,"0","Single Shift in a Day",,,,,,,"01/01/00 00:00:00",,0.0000000000000000e+00,,,,,,,,,,,,
217,"HARSHA KUMAR KS","Del_17192",,17192,"Male",4,5,"Testing Engineer",1,"07/17/17 00:00:00","01/01/00 00:00:00","10/17/17 00:00:00","Del_17192",,"Permanent","Working",,"1",,,,,,,"01/01/00 00:00:00",,,,,0,,,,,,,,"Bangalore",,,,,"h0/SYTaqgJ0=",,,1,0.0000000000000000e+00,0.0000000000000000e+00,,0,"0","Single Shift in a Day",,,,,,,"01/01/00 00:00:00",,0.0000000000000000e+00,,,,,,,,,,,,
218,"17188","Del_17188",,17188,"Male",1,1,,1,"01/01/00 00:00:00","01/01/00 00:00:00","01/01/00 00:00:00","Del_17188",,"Permanent","Working",,"1",,,,,,,"01/01/00 00:00:00",,,,,0,,,,,,,,,,,,,,,,1,,,,0,"0","Single Shift in a Day",,,,,,,,,,,,,,,,,,,,,
219,"SANGEETA KUMARI","17186",,17186,"Female",4,6,"SSE",1,"07/03/17 00:00:00","01/01/00 00:00:00","10/03/17 00:00:00","17186",,"Permanent","Working",,"1",,,,,,,"01/01/00 00:00:00",,,,,1,,,,,,,,"Bangalore",,,,,"h0/SYTaqgJ0=",,,1,0.0000000000000000e+00,0.0000000000000000e+00,,0,"0","Single Shift in a Day",,,,,,,"01/01/00 00:00:00",,0.0000000000000000e+00,,,,,,,,,,,,
220,"17190","Del_17190",,17190,"Male",1,1,,1,"01/01/00 00:00:00","01/01/00 00:00:00","01/01/00 00:00:00","Del_17190",,"Permanent","Working",,"1",,,,,,,"01/01/00 00:00:00",,,,,0,,,,,,,,,,,,,,,,1,,,,0,"0","Single Shift in a Day",,,,,,,,,,,,,,,,,,,,,
221,"17191","Del_17191",,17191,"Male",1,1,,1,"01/01/00 00:00:00","01/01/00 00:00:00","01/01/00 00:00:00","Del_17191",,"Permanent","Working",,"1",,,,,,,"01/01/00 00:00:00",,,,,0,,,,,,,,,,,,,,,,1,,,,0,"0","Single Shift in a Day",,,,,,,,,,,,,,,,,,,,,
222,"17192","Del_17192",,17192,"Male",1,1,,1,"01/01/00 00:00:00","01/01/00 00:00:00","01/01/00 00:00:00","Del_17192",,"Permanent","Working",,"1",,,,,,,"01/01/00 00:00:00",,,,,0,,,,,,,,,,,,,,,,1,,,,0,"0","Single Shift in a Day",,,,,,,,,,,,,,,,,,,,,
223,"17190","Del_17190",,17190,"Male",1,1,,1,"01/01/00 00:00:00","01/01/00 00:00:00","01/01/00 00:00:00","Del_17190",,"Permanent","Working",,"1",,,,,,,"01/01/00 00:00:00",,,,,0,,,,,,,,,,,,,,,,1,,,,0,"0","Single Shift in a Day",,,,,,,,,,,,,,,,,,,,,
224,"17191","Del_17191",,17191,"Male",1,1,,1,"01/01/00 00:00:00","01/01/00 00:00:00","01/01/00 00:00:00","Del_17191",,"Permanent","Working",,"1",,,,,,,"01/01/00 00:00:00",,,,,0,,,,,,,,,,,,,,,,1,,,,0,"0","Single Shift in a Day",,,,,,,,,,,,,,,,,,,,,
225,"17192","Del_17192",,17192,"Male",1,1,,1,"01/01/00 00:00:00","01/01/00 00:00:00","01/01/00 00:00:00","Del_17192",,"Permanent","Working",,"1",,,,,,,"01/01/00 00:00:00",,,,,0,,,,,,,,,,,,,,,,1,,,,0,"0","Single Shift in a Day",,,,,,,,,,,,,,,,,,,,,
226,"17188","Del_17188",,17188,"Male",1,1,,1,"01/01/00 00:00:00","01/01/00 00:00:00","01/01/00 00:00:00","Del_17188",,"Permanent","Working",,"1",,,,,,,"01/01/00 00:00:00",,,,,0,,,,,,,,,,,,,,,,1,,,,0,"0","Single Shift in a Day",,,,,,,,,,,,,,,,,,,,,
227,"SENTHIL KUMARAN S","17190",,17190,"Male",4,6,"Web Designer",1,"07/17/17 00:00:00","01/01/00 00:00:00","10/17/17 00:00:00","17190",,"Permanent","Working",,"1",,,,,,,"01/01/00 00:00:00",,,,,1,,,,,,,,"Bangalore",,,,,"h0/SYTaqgJ0=",,,1,0.0000000000000000e+00,0.0000000000000000e+00,,0,"0","Single Shift in a Day",,,,,,,"01/01/00 00:00:00",,0.0000000000000000e+00,,,,,,,,,,,,
228,"HARSHA KUMAR K S","17191",,17191,"Male",4,5,"Testing Engineer",1,"07/17/17 00:00:00","01/01/00 00:00:00","10/17/17 00:00:00","17191",,"Permanent","Working",,"1",,,,,,,"01/01/00 00:00:00",,,,,1,,,,,,,,"Bangalore",,,,,"h0/SYTaqgJ0=",,,1,0.0000000000000000e+00,0.0000000000000000e+00,,0,"0","Single Shift in a Day",,,,,,,"01/01/00 00:00:00",,0.0000000000000000e+00,,,,,,,,,,,,
229,"17192","Del_17192",,17192,"Male",1,1,,1,"01/01/00 00:00:00","01/01/00 00:00:00","01/01/00 00:00:00","Del_17192",,"Permanent","Working",,"1",,,,,,,"01/01/00 00:00:00",,,,,0,,,,,,,,,,,,,,,,1,,,,0,"0","Single Shift in a Day",,,,,,,,,,,,,,,,,,,,,
230,"17192","Del_17192",,17192,"Male",1,1,,1,"01/01/00 00:00:00","01/01/00 00:00:00","01/01/00 00:00:00","Del_17192",,"Permanent","Working",,"1",,,,,,,"01/01/00 00:00:00",,,,,0,,,,,,,,,,,,,,,,1,,,,0,"0","Single Shift in a Day",,,,,,,,,,,,,,,,,,,,,
231,"17188","Del_17188",,17188,"Male",1,1,,1,"01/01/00 00:00:00","01/01/00 00:00:00","01/01/00 00:00:00","Del_17188",,"Permanent","Working",,"1",,,,,,,"01/01/00 00:00:00",,,,,0,,,,,,,,,,,,,,,,1,,,,0,"0","Single Shift in a Day",,,,,,,,,,,,,,,,,,,,,
232,"VIJAY B C","17192",,17192,"Male",4,6,"SSE",1,"07/19/17 00:00:00","01/01/00 00:00:00","10/19/17 00:00:00","17192",,"Permanent","Working",,"1",,,,,,,"01/01/00 00:00:00",,,,,1,,,,,,,,"Bangalore",,,,,"h0/SYTaqgJ0=",,,1,0.0000000000000000e+00,0.0000000000000000e+00,,0,"0","Single Shift in a Day",,,,,,,"01/01/00 00:00:00",,0.0000000000000000e+00,,,,,,,,,,,,
233,"ARUNKUMAR RAGA","17189",,17189,"Male",4,6,"SSE",1,"07/14/17 00:00:00","01/01/00 00:00:00","10/14/17 00:00:00","17189",,"Permanent","Working",,"1",,,,,,,"01/01/00 00:00:00",,,,,1,,,,,,,,"Bangalore",,,,,"h0/SYTaqgJ0=",,,1,0.0000000000000000e+00,0.0000000000000000e+00,,0,"0","Single Shift in a Day",,,,,,,"01/01/00 00:00:00",,0.0000000000000000e+00,,,,,,,,,,,,
234,"NANDAN L G","17194",,17194,"Male",4,10,"Senior IT Security Analyst",1,"08/01/17 00:00:00","01/01/00 00:00:00","10/31/17 00:00:00","17194",,"Permanent","Working",,"1",,,,,,,"01/01/00 00:00:00",,,,,1,,,,,,,,"Bangalore",,,,,"h0/SYTaqgJ0=",,,1,0.0000000000000000e+00,0.0000000000000000e+00,,0,"0","Single Shift in a Day",,,,,,,"01/01/00 00:00:00",,0.0000000000000000e+00,,,,,,,,,,,,
235,"15101","Del_15101",,15101,"Male",1,1,,1,"01/01/00 00:00:00","01/01/00 00:00:00","01/01/00 00:00:00","Del_15101",,"Permanent","Working",,"1",,,,,,,"01/01/00 00:00:00",,,,,0,,,,,,,,,,,,,,,,1,,,,0,"0","Single Shift in a Day",,,,,,,,,,,,,,,,,,,,,
236,"15101","Del_15101",,15101,"Male",1,1,,1,"01/01/00 00:00:00","01/01/00 00:00:00","01/01/00 00:00:00","Del_15101",,"Permanent","Working",,"1",,,,,,,"01/01/00 00:00:00",,,,,0,,,,,,,,,,,,,,,,1,,,,0,"0","Single Shift in a Day",,,,,,,,,,,,,,,,,,,,,
237,"SATYANARAYAN NANDA","1010",,1010,"Male",4,6,"Consultant ",1,"04/11/17 00:00:00","01/01/00 00:00:00","07/11/17 00:00:00","1010",,"Contract","Working",,"1",,,,,,,"01/01/00 00:00:00",,,,,1,,,,,,,,"Bangalore",,,,,"h0/SYTaqgJ0=",,,1,0.0000000000000000e+00,0.0000000000000000e+00,,0,"0","Single Shift in a Day",,,,,,,"01/01/00 00:00:00",,0.0000000000000000e+00,,,,,,,,,,,,
238,"SHREE VALLABH","17195",,17195,"Male",4,10,"System Admin",1,"08/22/17 00:00:00","01/01/00 00:00:00","11/22/17 00:00:00","17195",,"Permanent","Working",,"1",,,,,,,"01/01/00 00:00:00",,,,,1,,,,,,,,"Bangalore",,,,,"h0/SYTaqgJ0=",,,1,0.0000000000000000e+00,0.0000000000000000e+00,,0,"0","Single Shift in a Day",,,,,,,"01/01/00 00:00:00",,0.0000000000000000e+00,,,,,,,,,,,,
239,"14063","Del_14063",,14063,"Male",1,1,,1,"01/01/00 00:00:00","01/01/00 00:00:00","01/01/00 00:00:00","Del_14063",,"Permanent","Working",,"1",,,,,,,"01/01/00 00:00:00",,,,,0,,,,,,,,,,,,,,,,1,,,,0,"0","Single Shift in a Day",,,,,,,,,,,,,,,,,,,,,
240,"15073","Del_15073",,15073,"Male",1,1,,1,"01/01/00 00:00:00","01/01/00 00:00:00","01/01/00 00:00:00","Del_15073",,"Permanent","Working",,"1",,,,,,,"01/01/00 00:00:00",,,,,0,,,,,,,,,,,,,,,,1,,,,0,"0","Single Shift in a Day",,,,,,,,,,,,,,,,,,,,,
241,"16144","Del_16144",,16144,"Male",1,1,,1,"01/01/00 00:00:00","01/01/00 00:00:00","01/01/00 00:00:00","Del_16144",,"Permanent","Working",,"1",,,,,,,"01/01/00 00:00:00",,,,,0,,,,,,,,,,,,,,,,1,,,,0,"0","Single Shift in a Day",,,,,,,,,,,,,,,,,,,,,
242,"13032","Del_13032",,13032,"Male",1,1,,1,"01/01/00 00:00:00","01/01/00 00:00:00","01/01/00 00:00:00","Del_13032",,"Permanent","Working",,"1",,,,,,,"01/01/00 00:00:00",,,,,0,,,,,,,,,,,,,,,,1,,,,0,"0","Single Shift in a Day",,,,,,,,,,,,,,,,,,,,,
243,"16136","Del_16136",,16136,"Male",1,1,,1,"01/01/00 00:00:00","01/01/00 00:00:00","01/01/00 00:00:00","Del_16136",,"Permanent","Working",,"1",,,,,,,"01/01/00 00:00:00",,,,,0,,,,,,,,,,,,,,,,1,,,,0,"0","Single Shift in a Day",,,,,,,,,,,,,,,,,,,,,
244,"14053","Del_14053",,14053,"Male",1,1,,1,"01/01/00 00:00:00","01/01/00 00:00:00","01/01/00 00:00:00","Del_14053",,"Permanent","Working",,"1",,,,,,,"01/01/00 00:00:00",,,,,0,,,,,,,,,,,,,,,,1,,,,0,"0","Single Shift in a Day",,,,,,,,,,,,,,,,,,,,,
245,"15077","Del_15077",,15077,"Male",1,1,,1,"01/01/00 00:00:00","01/01/00 00:00:00","01/01/00 00:00:00","Del_15077",,"Permanent","Working",,"1",,,,,,,"01/01/00 00:00:00",,,,,0,,,,,,,,,,,,,,,,1,,,,0,"0","Single Shift in a Day",,,,,,,,,,,,,,,,,,,,,
246,"14063","Del_14063",,14063,"Male",1,1,,1,"01/01/00 00:00:00","01/01/00 00:00:00","01/01/00 00:00:00","Del_14063",,"Permanent","Working",,"1",,,,,,,"01/01/00 00:00:00",,,,,0,,,,,,,,,,,,,,,,1,,,,0,"0","Single Shift in a Day",,,,,,,,,,,,,,,,,,,,,
247,"15073","Del_15073",,15073,"Male",1,1,,1,"01/01/00 00:00:00","01/01/00 00:00:00","01/01/00 00:00:00","Del_15073",,"Permanent","Working",,"1",,,,,,,"01/01/00 00:00:00",,,,,0,,,,,,,,,,,,,,,,1,,,,0,"0","Single Shift in a Day",,,,,,,,,,,,,,,,,,,,,
248,"16144","Del_16144",,16144,"Male",1,1,,1,"01/01/00 00:00:00","01/01/00 00:00:00","01/01/00 00:00:00","Del_16144",,"Permanent","Working",,"1",,,,,,,"01/01/00 00:00:00",,,,,0,,,,,,,,,,,,,,,,1,,,,0,"0","Single Shift in a Day",,,,,,,,,,,,,,,,,,,,,
249,"13032","Del_13032",,13032,"Male",1,1,,1,"01/01/00 00:00:00","01/01/00 00:00:00","01/01/00 00:00:00","Del_13032",,"Permanent","Working",,"1",,,,,,,"01/01/00 00:00:00",,,,,0,,,,,,,,,,,,,,,,1,,,,0,"0","Single Shift in a Day",,,,,,,,,,,,,,,,,,,,,
250,"16136","Del_16136",,16136,"Male",1,1,,1,"01/01/00 00:00:00","01/01/00 00:00:00","01/01/00 00:00:00","Del_16136",,"Permanent","Working",,"1",,,,,,,"01/01/00 00:00:00",,,,,0,,,,,,,,,,,,,,,,1,,,,0,"0","Single Shift in a Day",,,,,,,,,,,,,,,,,,,,,
251,"14053","Del_14053",,14053,"Male",1,1,,1,"01/01/00 00:00:00","01/01/00 00:00:00","01/01/00 00:00:00","Del_14053",,"Permanent","Working",,"1",,,,,,,"01/01/00 00:00:00",,,,,0,,,,,,,,,,,,,,,,1,,,,0,"0","Single Shift in a Day",,,,,,,,,,,,,,,,,,,,,
252,"15077","Del_15077",,15077,"Male",1,1,,1,"01/01/00 00:00:00","01/01/00 00:00:00","01/01/00 00:00:00","Del_15077",,"Permanent","Working",,"1",,,,,,,"01/01/00 00:00:00",,,,,0,,,,,,,,,,,,,,,,1,,,,0,"0","Single Shift in a Day",,,,,,,,,,,,,,,,,,,,,
253,"PREKSHA U MESTHA","17198",,17198,"Female",4,6,"TRAINEE SOFTWARE ENGINEER",1,"09/04/17 00:00:00","01/01/00 00:00:00","03/04/18 00:00:00","17198",,"Permanent","Working",,"1",,,,,,,"01/01/00 00:00:00",,,,,1,,,,,,,,"Bangalore",,,,,"h0/SYTaqgJ0=",,,1,0.0000000000000000e+00,0.0000000000000000e+00,,0,"0","Single Shift in a Day",,,,,,,"01/01/00 00:00:00",,0.0000000000000000e+00,,,,,,,,,,,,
254,"AMITHA R","17199",,17199,"Female",4,6,"TRAINEE SOFTWARE ENGINEER",1,"09/04/17 00:00:00","01/01/00 00:00:00","03/04/18 00:00:00","17199",,"Permanent","Working",,"1",,,,,,,"01/01/00 00:00:00",,,,,1,,,,,,,,"Bangalore",,,,,"h0/SYTaqgJ0=",,,1,0.0000000000000000e+00,0.0000000000000000e+00,,0,"0","Single Shift in a Day",,,,,,,"01/01/00 00:00:00",,0.0000000000000000e+00,,,,,,,,,,,,
255,"CHETHAN KUMAR G N","17200",,17200,"Male",4,6,"TRAINEE SOFTWARE ENGINEER",1,"09/04/17 00:00:00","01/01/00 00:00:00","03/04/18 00:00:00","17200",,"Permanent","Working",,"1",,,,,,,"01/01/00 00:00:00",,,,,1,,,,,,,,"Bangalore",,,,,"h0/SYTaqgJ0=",,,1,0.0000000000000000e+00,0.0000000000000000e+00,,0,"0","Single Shift in a Day",,,,,,,"01/01/00 00:00:00",,0.0000000000000000e+00,,,,,,,,,,,,
256,"DEEKSHITHA PRABHU","17201",,17201,"Female",4,6,"TRAINEE SOFTWARE ENGINEER",1,"09/04/17 00:00:00","01/01/00 00:00:00","03/04/18 00:00:00","17201",,"Permanent","Working",,"1",,,,,,,"01/01/00 00:00:00",,,,,1,,,,,,,,"Bangalore",,,,,"h0/SYTaqgJ0=",,,1,0.0000000000000000e+00,0.0000000000000000e+00,,0,"0","Single Shift in a Day",,,,,,,"01/01/00 00:00:00",,0.0000000000000000e+00,,,,,,,,,,,,
257,"ANWESHA K","17202",,17202,"Male",4,6,"TRAINEE SOFTWARE ENGINEER",1,"09/04/17 00:00:00","01/01/00 00:00:00","03/04/18 00:00:00","17202",,"Permanent","Working",,"1",,,,,,,"01/01/00 00:00:00",,,,,1,,,,,,,,"Bangalore",,,,,"h0/SYTaqgJ0=",,,1,0.0000000000000000e+00,0.0000000000000000e+00,,0,"0","Single Shift in a Day",,,,,,,"01/01/00 00:00:00",,0.0000000000000000e+00,,,,,,,,,,,,
258,"AKSHAY KUMAR P","Del_17206",,17206,"Male",4,11,"Trainee Graphic Designer",1,"09/04/17 00:00:00","01/01/00 00:00:00","03/04/18 00:00:00","Del_17206",,"Permanent","Working",,"1",,,,,,,"01/01/00 00:00:00",,,,,0,,,,,,,,"Bangalore",,,,,"h0/SYTaqgJ0=",,,1,0.0000000000000000e+00,0.0000000000000000e+00,,0,"0","Single Shift in a Day",,,,,,,"01/01/00 00:00:00",,0.0000000000000000e+00,,,,,,,,,,,,
259,"AKSHAY KUMAR P","17205",,17205,"Male",4,11,"Trainee Graphic Designer",1,"09/04/17 00:00:00","01/01/00 00:00:00","03/04/18 00:00:00","17205",,"Permanent","Working",,"1",,,,,,,"01/01/00 00:00:00",,,,,1,,,,,,,,"Bangalore",,,,,"h0/SYTaqgJ0=",,,1,0.0000000000000000e+00,0.0000000000000000e+00,,0,"0","Single Shift in a Day",,,,,,,"01/01/00 00:00:00",,0.0000000000000000e+00,,,,,,,,,,,,
260,"17206","Del_17206",,17206,"Male",1,1,,1,"01/01/00 00:00:00","01/01/00 00:00:00","01/01/00 00:00:00","Del_17206",,"Permanent","Working",,"1",,,,,,,"01/01/00 00:00:00",,,,,0,,,,,,,,,,,,,,,,1,,,,0,"0","Single Shift in a Day",,,,,,,,,,,,,,,,,,,,,
261,"VAMSI KRISHNA T","1012",,1012,"Male",4,6,"JAVA CONSULTANT",1,"09/20/17 00:00:00","01/01/00 00:00:00","12/20/17 00:00:00","1012",,"Contract","Working",,"1",,,,,,,"01/01/00 00:00:00",,,,,1,,,,,,,,"Bangalore",,,,,"h0/SYTaqgJ0=",,,1,0.0000000000000000e+00,0.0000000000000000e+00,,0,"0","Single Shift in a Day",,,,,,,"01/01/00 00:00:00",,0.0000000000000000e+00,,,,,,,,,,,,
262,"SARADA KIRAN","1013",,1013,"Female",1,1,,1,"10/05/17 00:00:00","01/01/00 00:00:00","01/05/18 00:00:00","1013",,"Permanent","Working",,"1",,,,,,,"01/01/00 00:00:00",,,,,1,,,,,,,,"Bangalore",,,,,"h0/SYTaqgJ0=",,,1,0.0000000000000000e+00,0.0000000000000000e+00,,0,"0","Single Shift in a Day",,,,,,,"01/01/00 00:00:00",,0.0000000000000000e+00,,,,,,,,,,,,
263,"N L SHWETHA","17207",,17207,"Female",4,16,"Sr. Executive - Market Research",1,"10/04/17 00:00:00","01/01/00 00:00:00","01/04/18 00:00:00","17207",,"Permanent","Working",,"1",,,,,,,"01/01/00 00:00:00",,,,,1,,,,,,,,"Bangalore",,,,,"h0/SYTaqgJ0=",,,1,0.0000000000000000e+00,0.0000000000000000e+00,,0,"0","Single Shift in a Day",,,,,,,"01/01/00 00:00:00",,0.0000000000000000e+00,,,,,,,,,,,,
264,"CHANDRA PRAKASH MEHER","17208",,17208,"Male",4,6,"Senior DevOps Engineer",1,"10/12/17 00:00:00","01/01/00 00:00:00","01/12/18 00:00:00","17208",,"Permanent","Working",,"1",,,,,,,"01/01/00 00:00:00",,,,,1,,,,,,,,"Bangalore",,,,,"h0/SYTaqgJ0=",,,1,0.0000000000000000e+00,0.0000000000000000e+00,,0,"0","Single Shift in a Day",,,,,,,"01/01/00 00:00:00",,0.0000000000000000e+00,,,,,,,,,,,,
265,"BHARAT KALYAN S","17209",,17209,"Male",4,6,"SSE",1,"10/23/17 00:00:00","01/01/00 00:00:00","01/23/18 00:00:00","17209",,"Permanent","Working",,"1",,,,,,,"01/01/00 00:00:00",,,,,1,,,,,,,,"Bangalore",,,,,"h0/SYTaqgJ0=",,,1,0.0000000000000000e+00,0.0000000000000000e+00,,0,"0","Single Shift in a Day",,,,,,,"01/01/00 00:00:00",,0.0000000000000000e+00,,,,,,,,,,,,
266,"AMIT REDKAR","17210",,17210,"Male",4,6,"Web Designer",1,"10/23/17 00:00:00","01/01/00 00:00:00","01/23/18 00:00:00","17210",,"Permanent","Working",,"1",,,,,,,"01/01/00 00:00:00",,,,,1,,,,,,,,"Bangalore",,,,,"h0/SYTaqgJ0=",,,1,0.0000000000000000e+00,0.0000000000000000e+00,,0,"0","Single Shift in a Day",,,,,,,"01/01/00 00:00:00",,0.0000000000000000e+00,,,,,,,,,,,,
267,"KASHYAP RAI K","16131",,16131,"Male",4,6,"Software Engineer",1,"06/20/16 00:00:00","01/01/00 00:00:00","12/20/16 00:00:00","16131",,"Permanent","Working",,"1",,,,,,,"01/01/00 00:00:00",,,,,1,,,,,,,,"Bangalore",,,,,"h0/SYTaqgJ0=",,,1,0.0000000000000000e+00,0.0000000000000000e+00,,0,"0","Single Shift in a Day",,,,,,,"01/01/00 00:00:00",,0.0000000000000000e+00,,,,,,,,,,,,
268,"NISHMITHA K SHENOY","16151",,16151,"Female",4,5,"Testing Engineer",1,"09/26/16 00:00:00","01/01/00 00:00:00","03/26/17 00:00:00","16151",,"Permanent","Working",,"1",,,,,,,"01/01/00 00:00:00",,,,,1,,,,,,,,"Bangalore",,,,,"h0/SYTaqgJ0=",,,1,0.0000000000000000e+00,0.0000000000000000e+00,,0,"0","Single Shift in a Day",,,,,,,"01/01/00 00:00:00",,0.0000000000000000e+00,,,,,,,,,,,,
269,"SANKAR KUMAR D","Del_17212",,17212,"Male",4,6,"Team Lead",1,"11/06/17 00:00:00","01/01/00 00:00:00","02/06/18 00:00:00","Del_17212",,"Permanent","Working",,"1",,,,,,,"01/01/00 00:00:00",,,,,0,,,,,,,,"Bangalore",,,,,"h0/SYTaqgJ0=",,,1,0.0000000000000000e+00,0.0000000000000000e+00,,0,"0","Single Shift in a Day",,,,,,,"01/01/00 00:00:00",,0.0000000000000000e+00,,,,,,,,,,,,
270,"NATHIYA RAJENDRAN","Del_17213",,17213,"Female",4,6,"Tech Lead",1,"11/06/17 00:00:00","01/01/00 00:00:00","02/06/18 00:00:00","Del_17213",,"Permanent","Working",,"1",,,,,,,"01/01/00 00:00:00",,,,,0,,,,,,,,"Bangalore",,,,,"h0/SYTaqgJ0=",,,1,0.0000000000000000e+00,0.0000000000000000e+00,,0,"0","Single Shift in a Day",,,,,,,"01/01/00 00:00:00",,0.0000000000000000e+00,,,,,,,,,,,,
271,"17212","Del_17212",,17212,"Male",1,1,,1,"01/01/00 00:00:00","01/01/00 00:00:00","01/01/00 00:00:00","Del_17212",,"Permanent","Working",,"1",,,,,,,"01/01/00 00:00:00",,,,,0,,,,,,,,,,,,,,,,1,,,,0,"0","Single Shift in a Day",,,,,,,,,,,,,,,,,,,,,
272,"SANKAR KUMAR D","17213",,17213,"Male",4,6,"Team Lead",1,"11/06/17 00:00:00","01/01/00 00:00:00","02/06/18 00:00:00","17213",,"Permanent","Working",,"1",,,,,,,"01/01/00 00:00:00",,,,,1,,,,,,,,"Bangalore",,,,,"h0/SYTaqgJ0=",,,1,0.0000000000000000e+00,0.0000000000000000e+00,,0,"0","Single Shift in a Day",,,,,,,"01/01/00 00:00:00",,0.0000000000000000e+00,,,,,,,,,,,,
273,"NATHIYA RAJENDRAN","17214",,17214,"Female",4,6,"Technical Lead",1,"11/06/17 00:00:00","01/01/00 00:00:00","02/06/18 00:00:00","17214",,"Permanent","Working",,"1",,,,,,,"01/01/00 00:00:00",,,,,1,,,,,,,,"Bangalore",,,,,"h0/SYTaqgJ0=",,,1,0.0000000000000000e+00,0.0000000000000000e+00,,0,"0","Single Shift in a Day",,,,,,,"01/01/00 00:00:00",,0.0000000000000000e+00,,,,,,,,,,,,
274,"17212","17212",,17212,"Male",1,1,,1,"01/01/00 00:00:00","01/01/00 00:00:00","01/01/00 00:00:00","17212",,"Permanent","Working",,"1",,,,,,,"01/01/00 00:00:00",,,,,1,,,,,,,,,,,,,,,,1,,,,0,"0","Single Shift in a Day",,,,,,,,,,,,,,,,,,,,,
