"LeaveTypeId","LeaveTypeName","LeaveTypeCode","CarryForwardLimit","Gender","YearlyLimit","Description","IsAllowNegativeBalance","RecordStatus","AllotOnMonthDay","AllotmentType","IsLeaveEncashment","LeaveEncashmentMinBalance","IsLossOfPay","AllotFrom","AllotAfterDaysEmployment","IncreaseLeaveBy","EmploymentCompleted","AvailFrom","AvailAfterDaysEmployment","LastLeaveCreditedOn","LeaveTypeEffFrom","GraceDaysForConfirmation","GraceDaysEmploymentCompleted"
"1","Restricted Holiday","RHO","0.0","All","5.0","","0","1.0","1","Yearly","0","0.0","0","JoiningDate","0.0","0.0","0.0","JoiningDate","0.0","2017-01-01 00:00:00","01-01-2016","0.0","0.0"
"2","Comp Off","COFF","0.0","All","0.0","","0","1.0","1","Yearly","0","0.0","0","JoiningDate","0.0","0.0","0.0","JoiningDate","0.0","2017-01-01 00:00:00","01-01-2016","0.0","0.0"
"3","Casual Leave","CL","5.0","All","10.0","","1","1.0","1","Yearly","0","0.0","0","JoiningDate","0.0","0.0","0.0","JoiningDate","0.0","2017-01-01 00:00:00","01-01-2016","0.0","0.0"
"4","Paid Leave","PL","5.0","All","10.0","","1","1.0","1","Yearly","0","0.0","0","JoiningDate","0.0","0.0","0.0","JoiningDate","0.0","2017-01-01 00:00:00","01-01-2016","0.0","0.0"
"5","Sick Leave","SL","0.0","All","10.0","","1","1.0","1","Yearly","0","0.0","0","JoiningDate","0.0","0.0","0.0","JoiningDate","0.0","2017-01-01 00:00:00","01-01-2016","0.0","0.0"
