"PermissionId","Permission","ParentId"
"1.0","Users","0"
"2.0","ViewUsers","1"
"3.0","AddUsers","1"
"4.0","EditUsers","1"
"5.0","DeleteUsers","1"
"6.0","MasterSettings","0"
"7.0","MailSettings","0"
"8.0","Companies","0"
"9.0","ViewCompanies","8"
"10.0","AddCompanies","8"
"11.0","EditCompanies","8"
"12.0","DeleteCompanies","8"
"13.0","Departments","0"
"14.0","ViewDepartments","13"
"15.0","AddDepartments","13"
"16.0","EditDepartments","13"
"17.0","DeleteDepartments","13"
"18.0","EmpCategories","0"
"19.0","ViewEmpCategories","18"
"20.0","AddEmpCategories","18"
"21.0","EditEmpCategories","18"
"22.0","DeleteEmpCategories","18"
"23.0","Shifts","0"
"24.0","ViewShifts","23"
"25.0","AddShifts","23"
"26.0","EditShifts","23"
"27.0","DeleteShifts","23"
"28.0","ShiftCalendars","0"
"29.0","ViewShiftCalendars","28"
"30.0","AddShiftCalendars","28"
"31.0","EditShiftCalendars","28"
"32.0","DeleteShiftCalendars","28"
"33.0","Holidays","0"
"34.0","ViewHolidays","33"
"35.0","AddHolidays","33"
"36.0","EditHolidays","33"
"37.0","DeleteHolidays","33"
"38.0","Employees","0"
"39.0","ViewEmployees","38"
"40.0","AddEmployees","38"
"41.0","EditEmployees","38"
"42.0","DeleteEmployees","38"
"43.0","LeaveTypes","0"
"44.0","ViewLeaveTypes","43"
"45.0","AddLeaveTypes","43"
"46.0","EditLeaveTypes","43"
"47.0","DeleteLeaveTypes","43"
"48.0","DepartmentShifts","0"
"49.0","ViewDepartmentShifts","48"
"50.0","AddDepartmentShifts","48"
"51.0","EditDepartmentShifts","48"
"52.0","DeleteDepartmentShifts","48"
"53.0","EmployeeShifts","0"
"54.0","ViewEmployeeShifts","53"
"55.0","AddEmployeeShifts","53"
"56.0","EditEmployeeShifts","53"
"57.0","DeleteEmployeeShifts","53"
"58.0","LeaveEntries","0"
"59.0","ViewLeaveEntries","58"
"60.0","AddLeaveEntries","58"
"61.0","EditLeaveEntries","58"
"62.0","DeleteLeaveEntries","58"
"63.0","OutDoorEntries","0"
"64.0","ViewOutDoorEntries","63"
"65.0","AddOutDoorEntries","63"
"66.0","EditOutDoorEntries","63"
"67.0","DeleteOutDoorEntries","63"
"68.0","LogRecords","0"
"69.0","ViewLogRecords","68"
"70.0","AddLogRecords","68"
"71.0","EditLogRecords","68"
"72.0","DeleteLogRecords","68"
"73.0","AttendanceRegister","0"
"74.0","LeaveSummary","0"
"75.0","AttendanceLogs","0"
"76.0","DeviceManagement","0"
"77.0","ImportEmployees","0"
"78.0","ExportEmployees","0"
"82.0","GenerateReports","0"
"83.0","Identix Task Manager","0"
"84.0","ExportReport","0"
"85.0","ShiftRoster","0"
"86.0","ViewShiftRoster","85"
"87.0","AddShiftRoster","85"
"88.0","EditShiftRoster","85"
"89.0","DeleteShiftRoster","85"
"90.0","Multi Shift","0"
"91.0","EmployeeCompOff","0"
"92.0","ViewEmployeeCompOff","91"
"93.0","AddEmployeeCompOff","91"
"94.0","EditEmployeeCompOff","91"
"95.0","DeleteEmployeeCompOff","91"
"96.0","EmployeeRestrictedHoliday","0"
"97.0","ViewEmployeeRestrictedHoliday","96"
"98.0","AddEmployeeRestrictedHoliday","96"
"99.0","EditEmployeeRestrictedHoliday","96"
"100.0","DeleteEmployeeRestrictedHoliday","96"
"101.0","TextSMSSettings","0"
"102.0","TextSMSLogs","0"
"103.0","MemoSettings","0"
