"ShiftId","ShiftName","ShiftCode","BeginTime","EndTime","Break1","Break2","Break1BeginTime","Break2BeginTime","Break1EndTime","Break2EndTime","ShiftDuration","Break1Duration","Break2Duration","ShiftType","RecordStatus","PunchBeginDuration","PunchEndDuration","IsGraceTimeApplicable","GraceTime","IsPartialDayApplicable","PartialDay","PartialDayBeginTime","PartialDayEndTime","IsPunchBeginDuration","IsPunchEndDuration","IsMarkHalfDayTime","HalfDayDays","MarkHalfDayTime","IsFlexiShiftEndNextDay","FlexiShiftNextDayEndTime","IsPartialDay2Applicable","PartialDay2","HalfDay2Days","ShiftScheduleType","FlexiShiftDuration","FlexiShiftBreakDuration","HalfDayStartFrom","HalfDayGraceTime"
"1","Weekly Off","WO","00:00","00:00","0","0","22:20","22:20","22:20","22:20","0","0","0","Shift","1","0.0","0.0","0","0","0","Saturday","22:20","22:20","0","0","0","1,2,3,4,5,","11:00","0.0","00:00","0.0","Saturday","1,2,3,4,5,","Static","0.0","0.0","14:30","0.0"
"2","Fixed Shift","FS","09:00","18:30","0","0"," "," "," "," ","0","0","0","Shift","1","0.0","0.0","0","","0","","","","0","0","0","1,2,3,4,5,","11:00","0.0","00:00","0.0","Saturday","1,2,3,4,5,","Static","0.0","0.0","14:30","0.0"
"3","NoShift","NS","00:00","00:00","0","0",""," ",""," ","0","0","0","Shift","1","0.0","0.0","0","","0","","","","0","0","0","1,2,3,4,5,","11:00","0.0","00:00","0.0","Saturday","1,2,3,4,5,","Static","0.0","0.0","14:30","0.0"
"4","Holiday","H","00:00","00:00","0","0","","","","","0","0","0","Shift","1","0.0","0.0","0","","0","","","","0","0","0","1,2,3,4,5,","11:00","0.0","00:00","0.0","Saturday","1,2,3,4,5,","Static","0.0","0.0","14:30","0.0"
"5","General","GS","09:30","18:30","0","0","11:30","16:00","12:00","16:30","540","0","0","Shift","1","0.0","300.0","1","300","0","Monday","09:15","13:00","0","1","0","1,2,3,4,5,","11:00","0.0","00:00","0.0","Saturday","1,2,3,4,5,","Static","0.0","0.0","14:30","0.0"
